"AAACAAGTATCTCCCA-1","AAACACCAATAACTGC-1","AAACAGAGCGACTCCT-1","AAACAGCTTTCAGAAG-1","AAACAGGGTCTATATT-1","AAACATTTCCCGGATT-1","AAACCACTACACAGAT-1","AAACCCGAACGAAATC-1","AAACCGGAAATGTTAA-1","AAACCGGGTAGGTACC-1","AAACCGTTCGTCCAGG-1","AAACCTAAGCAGCCGG-1","AAACCTCATGAAGTTG-1","AAACGAAGAACATACC-1","AAACGACAGTCTTGCC-1","AAACGAGACGGTTGAT-1","AAACGCCCGAGATCGG-1","AAACGGGCGTACGGGT-1","AAACGGTTGCGAACTG-1","AAACGTGTTCGCCCTA-1","AAACTAACGTGGCGAC-1","AAACTCGGTTCGCAAT-1","AAACTCGTGATATAAG-1","AAACTGCTGGCTCCAA-1","AAACTTAATTGCACGC-1","AAACTTGCAAACGTAT-1","AAAGACATGAAGTTTA-1","AAAGACCCAAGTCGCG-1","AAAGACTGGGCGCTTT-1","AAAGCTTGCCTACATA-1","AAAGGCCCTATAATAC-1","AAAGGCTACGGACCAT-1","AAAGGCTCTCGCGCCG-1","AAAGGGATGTAGCAAG-1","AAAGGGCAGCTTGAAT-1","AAAGGTAAGCTGTACC-1","AAAGGTCAACGACATG-1","AAAGTAGCATTGCTCA-1","AAAGTCACTGATGTAA-1","AAAGTCGACCCTCAGT-1","AAAGTGTGATTTATCT-1","AAAGTTGACTCCCGTA-1","AAATAACCATACGGGA-1","AAATAAGGTAGTGCCC-1","AAATACCTATAAGCAT-1","AAATAGCTTAGACTTT-1","AAATAGGGTGCTATTG-1","AAATCCGATACACGCC-1","AAATCGTGTACCACAA-1","AAATCTAGCCCTGCTA-1","AAATGATTCGATCAGC-1","AAATGCTCGTTACGTT-1","AAATGGCATGTCTTGT-1","AAATGGCCCGTGCCCT-1","AAATGGTCAATGTGCC-1","AAATGTATCTTATCCC-1","AAATGTGGGTGCTCCT-1","AAATTAACGGGTAGCT-1","AAATTAATAAGCGCGA-1","AAATTACACGACTCTG-1","AAATTACCTATCGATG-1","AAATTCCAGGTCCAAA-1","AAATTGATAGTCCTTT-1","AAATTGCGGCGGTTCT-1","AAATTGGTGAGAAGCA-1","AAATTTACCGAAATCC-1","AAATTTGCGGGTGTGG-1","AACAACTGGTAGTTGC-1","AACAATACATTGTCGA-1","AACAATTACTCTACGC-1","AACACACGCTCGCCGC-1","AACACGACTGTACTGA-1","AACACGAGACGCGGCC-1","AACACGCGGCCGCGAA-1","AACAGCTGTGTGGCAA-1","AACAGGAAATCGAATA-1","AACAGGATGGGCCGCG-1","AACAGGTAGTATGGAT-1","AACATATCAACTGGTG-1","AACATCGATACGTCTA-1","AACATTGAAGTTGATC-1","AACATTGTGACTCGAG-1","AACCAAGACTTCTCTG-1","AACCAGTATCACTCTT-1","AACCATAGGGTTGAAC-1","AACCATGGGATCGCTA-1","AACCCAGAGACGGAGA-1","AACCCATCCCATGATC-1","AACCCGACAACCCGTG-1","AACCCGAGCAGAATCG-1","AACCCGATAGGGCTTC-1","AACCCTACTGTCAATA-1","AACCCTGGTGGAACCA-1","AACCGAGCTTGGTCAT-1","AACCGCTAAGGGATGC-1","AACCGTTGTGTTTGCT-1","AACCTAAAGCCGTCCG-1","AACCTCGCTTTAGCCC-1","AACCTGTCACGGAATT-1","AACCTTTAAATACGGT-1","AACCTTTACGACGTCT-1","AACGAAAGTCGTCCCA-1","AACGATAATGCCGTAG-1","AACGATAGAAGGGCCG-1","AACGATATGTCAACTG-1","AACGCATGATCTGGGT-1","AACGCGAACGGCAACA-1","AACGCGACCTTGGGCG-1","AACGCGGTCTCCAGCC-1","AACGCTGTTGCTGAAA-1","AACGGACGTACGTATA-1","AACGGCCATCTCCGGT-1","AACGTACTGTGGGTAC-1","AACGTCAGACTAGTGG-1","AACGTGATGAAGGACA-1","AACGTGCGAAAGTCTC-1","AACGTTATCAGCACCT-1","AACTACCCGTTTGTCA-1","AACTAGCGTATCGCAC-1","AACTAGGCTTGGGTGT-1","AACTCAAGTTAATTGC-1","AACTCCAGAGCGTGTT-1","AACTCCTAATCCCATG-1","AACTCGATGGCGCAGT-1","AACTCTCAATAGAGCG-1","AACTCTCAGTGTGCTC-1","AACTGAGGTCAGCGTC-1","AACTGATATTAGGCCT-1","AACTGGGTCCCGACGT-1","AACTGGGTTCGAGCCG-1","AACTGGTGTGGGCCTT-1","AACTTCTGCGTCTATC-1","AACTTGCCCGTATGCA-1","AACTTGCGTTCTCGCG-1","AACTTTACGGGAGCTT-1","AACTTTAGCTGCTGAG-1","AACTTTCTCGATCATG-1","AAGAAATCACCAGATT-1","AAGAAGGATCAGTTAG-1","AAGACCCAACTGAACA-1","AAGACTAACCCGTTGT-1","AAGACTCACGCCCACT-1","AAGACTGCAAGCTACT-1","AAGAGATGAATCGGTA-1","AAGAGCTCTTTATCGG-1","AAGAGGATGTACGCGA-1","AAGAGGCATGGATCGC-1","AAGAGGCCCTTTGGAA-1","AAGATGGCACCGGACC-1","AAGATTGGCGGAACGT-1","AAGCACCCTGCGTATC-1","AAGCATACTCTCCTGA-1","AAGCCGAAGCGGTTTA-1","AAGCCGCCGTGAAATC-1","AAGCCGCTTTACCTTG-1","AAGCGCAGGGCTTTGA-1","AAGCGGAGTGCGCGCA-1","AAGCGGCGTCATGGGT-1","AAGCGTCCCTCATCGA-1","AAGCTAGATCGAGTAA-1","AAGCTCGTGCCAAGTC-1","AAGCTCTTTCATGGTG-1","AAGGAGAACTTATAAG-1","AAGGAGCGGTTGGTGC-1","AAGGATCGATCGCTTG-1","AAGGATGAGGGACCTC-1","AAGGCAGGCTGTCTCC-1","AAGGCGCGTAAAGCTT-1","AAGGCTGTGCTCATCG-1","AAGGGAACGACTGGCT-1","AAGGGACAGATTCTGT-1","AAGGGACTATGCATTC-1","AAGGTATCCTAATATA-1","AAGGTGATAAACCAGC-1","AAGTAGAAGACCGGGT-1","AAGTAGTGACGCGAGG-1","AAGTCAATTGTCGTCA-1","AAGTCTAGTAGCTGCC-1","AAGTGACGACCGAATT-1","AAGTGAGTCGGGTTTA-1","AAGTGCAAAGGTAGAC-1","AAGTGCCTTGACTGTA-1","AAGTGCGTTAGAATCT-1","AAGTGCTTCTCTATTG-1","AAGTGTTTGGAGACGG-1","AAGTTCACTCCAAGCT-1","AAGTTCAGTCTGCGTA-1","AAGTTCGGCCAACAGG-1","AAGTTGTGATGTTATA-1","AAGTTTACTAATGGCA-1","AAGTTTATGGGCCCAA-1","AATAACAACGCTCGGC-1","AATAACACTAGAACAA-1","AATAAGTCCTCGAGAC-1","AATAATCTTCGTATCG-1","AATACAATGTTTCAGG-1","AATACCGGAGGGCTGT-1","AATAGAACAGAGTGGC-1","AATAGAATCTGTTTCA-1","AATAGCAAGCCTCCTG-1","AATAGCTACCGCGTGC-1","AATAGTCCGTCCCGAC-1","AATAGTCGCGAGTCGG-1","AATATCAAGGTCGGAT-1","AATATCGAATCAATGC-1","AATATCGAGGGTTCTC-1","AATATTGGAGTATTGA-1","AATCAGACTGCAGGAC-1","AATCAGGTTTCATTTA-1","AATCATGTAAAGACTC-1","AATCCAAGGGCCTGAG-1","AATCCATGCAAGGGTG-1","AATCGCCTCAGCGCCA-1","AATCGCGCAGAGGACT-1","AATCGGGACACTACGA-1","AATCGTGAGCCGAGCA-1","AATCTAGGTTTACTTG-1","AATCTATGCCGGAGCC-1","AATCTCTACTGTGGTT-1","AATCTGCGTTGGGACG-1","AATCTGGCTTTCTAGT-1","AATCTGGGTAGACCCT-1","AATGACAGCAATGTCT-1","AATGACGTAGGATGTC-1","AATGACTGTCAGCCGG-1","AATGAGTTCGCATATG-1","AATGATGATACGCTAT-1","AATGATGCGACTCCTG-1","AATGCAACCGGGTACC-1","AATGCACCAAGCAATG-1","AATGGCCGCCAATGCG-1","AATGGTCCACCGTTCA-1","AATGGTTCTCACAAGC-1","AATGTGCCCGAGGTGT-1","AATGTGCTAATCTGAG-1","AATTAAAGGTCGGCGT-1","AATTAACGGATTTCCA-1","AATTAGCGCTGCAGCG-1","AATTCATAAGGGATCT-1","AATTCATTGTCATGCA-1","AATTCCAAGCATGTAC-1","AATTCGATTCGAGGAT-1","AATTCTAGAGTTAGGC-1","AATTGAACGCTCTGGT-1","AATTGCAGCAATCGAC-1","AATTTGGGACATAGTA-1","AATTTGGTTCCAAAGA-1","ACAAACCATGCGTCCT-1","ACAAACCGACAAGGCG-1","ACAAAGCATGACCTAG-1","ACAAATCGCACCGAAT-1","ACAAATGGTAGTGTTT-1","ACAAATTCAGATCTGA-1","ACAACAGCATGAGCTA-1","ACAACGGTCCCTGCGA-1","ACAAGCAGTGCCTAGC-1","ACAAGCTATATGGAAG-1","ACAAGGAAATCCGCCC-1","ACAAGGACAAGAGGTT-1","ACAAGGATGCTTTAGG-1","ACAAGGCCTACCAGCC-1","ACAAGGGCAGGCTCTG-1","ACAATAGTCGTACGTT-1","ACAATCCATTTAAACC-1","ACAATCGATCTTTATA-1","ACAATGAATACGGAGA-1","ACAATGATTCTTCTAC-1","ACAATTGTGTCTCTTT-1","ACAATTTAGGAGGCTC-1","ACAATTTGAGCAGTGG-1","ACAATTTGGCCATATT-1","ACACAAAGACGGGTGG-1","ACACAAATATTCCTAG-1","ACACACCAGGACCAGT-1","ACACACTTTCTACACG-1","ACACATGATCAAATCT-1","ACACATTGACGCAACA-1","ACACCACATAATTAGC-1","ACACCCAGCATGCAGC-1","ACACCCGAGAAATCCG-1","ACACCGGTCTGACCGC-1","ACACCTTAAGTAGGGC-1","ACACCTTACTACTTGC-1","ACACGAGACTCCTTCT-1","ACACGGCACTATGCAT-1","ACACGGGAACTTAGGG-1","ACACGTAGGCCACAAG-1","ACACTCCAATGTCACT-1","ACACTGATCAAGGTGT-1","ACACTGGGACAGTCGT-1","ACAGAACTGAGAACAA-1","ACAGATTAGGTTAGTG-1","ACAGCATAGAGCCAGT-1","ACAGCGACATTCTCAT-1","ACAGCGCACCCGCAGC-1","ACAGGCTTGCCCGACT-1","ACAGGTGGAGGTGAGG-1","ACAGGTGTGTTGTTGC-1","ACAGTAATACAACTTG-1","ACAGTGCAGCGCATTT-1","ACATAAGTCGTGGTGA-1","ACATAATAAGGCGGTG-1","ACATCAGCTGGGACGC-1","ACATCCCGGCCATACG-1","ACATCCTGGTAACTGT-1","ACATCGATCGTTTACC-1","ACATCGGTCAGCCGCG-1","ACATCGTATGCAATGG-1","ACATCGTTAACCTAGT-1","ACATCTCAACGCGTAA-1","ACATGGCGCCAAAGTA-1","ACATTAGTTTATATCC-1","ACCAAACACCCAGCGA-1","ACCAAACTAGAAATCC-1","ACCAACACCACACACT-1","ACCAACCGCACTCCAC-1","ACCAACGCTTATTTAT-1","ACCAAGAACGCGTGTC-1","ACCAATATGCAAGTTA-1","ACCACAACTCAGAACA-1","ACCACAAGTTTCTATC-1","ACCACCAATGTAACAA-1","ACCACCCTCTCTTCTA-1","ACCACGTGCAGCTATA-1","ACCAGCCCGGTCTTTG-1","ACCAGGAGTGTGATCT-1","ACCAGTGCCCGGTCAA-1","ACCAGTGCGGGAGACG-1","ACCATATCCGCAATAA-1","ACCATCCGCCAACTAG-1","ACCATCGTATATGGTA-1","ACCCAACGCCCGTGGC-1","ACCCACCTACATGCTC-1","ACCCATCTTGAGGGTA-1","ACCCATTTGTCCCTCT-1","ACCCGAGCGAAATTAC-1","ACCCGATTGGTTCCGA-1","ACCCGGAAACTCCCAG-1","ACCCGGATGACGCATC-1","ACCCGGTTACACTTCC-1","ACCCGTGTCATCAGTA-1","ACCCTATAGGACTGAG-1","ACCCTATGCCATATCG-1","ACCCTCCCTTGCTATT-1","ACCCTGGTAACGCCCT-1","ACCCTTCATCTGCGAA-1","ACCCTTGCCTGGGTCG-1","ACCCTTTAGTTCTCCA-1","ACCGAAAGGGCCCTGC-1","ACCGAAGAGTCTGGTT-1","ACCGACACATCTCCCA-1","ACCGACTGAGTCCCAC-1","ACCGATAGGCATAACC-1","ACCGATATTTAATCAT-1","ACCGATGGTAGCATCG-1","ACCGCAATAACTGCCT-1","ACCGCGGTGGAAGTCG-1","ACCGGGCCTTTGTTGA-1","ACCGGTCAGGTACACC-1","ACCGGTCTGAGTACGG-1","ACCGTGACCACGTGGG-1","ACCGTTCCCGCTCTGA-1","ACCTAAGTACCTTTCA-1","ACCTAATCGACTTCCT-1","ACCTACAGTATGTGGT-1","ACCTACTATAAATCTA-1","ACCTCCGCCCTCGCTG-1","ACCTCCGTTATTCACC-1","ACCTCGAACTTATGCT-1","ACCTGCGTGTCATGTT-1","ACGAAATGGGCGGCAC-1","ACGACTGGTCATACTC-1","ACGAGAACCCATCACG-1","ACGAGATATTTGCTTA-1","ACGAGGATACCACTCT-1","ACGAGGTTTACAACGT-1","ACGAGTACGGATGCCC-1","ACGATACATAGAACTA-1","ACGATACCTATCCTGA-1","ACGATCATACATAGAG-1","ACGATCATCTTGTAAA-1","ACGATGCATATGTTAT-1","ACGATGGATCCGATGC-1","ACGCAAACTAATAGAT-1","ACGCAATCACTACAGC-1","ACGCATAAATGACATG-1","ACGCATACGTTTACTA-1","ACGCATTCGTGAGTAC-1","ACGCCAGATGATTTCT-1","ACGCCCAGCTGTCGAT-1","ACGCCGCTAGACGACC-1","ACGCGAAGTCAGACGA-1","ACGCGCTACACAGGGT-1","ACGCGGGCCAAGGACA-1","ACGCGTTTCTTAAGAG-1","ACGCTAGTGATACACT-1","ACGCTGTGAGGCGTAG-1","ACGCTTAGTGTCTCTC-1","ACGGAATTTAGCAAAT-1","ACGGACTCTCAAAGCG-1","ACGGAGCGCAAATTAC-1","ACGGATGGTGCGGATA-1","ACGGCACTTGCTTGGG-1","ACGGCCAACATGGACT-1","ACGGCGACGATGGGAA-1","ACGGCGGGTTGCCCTG-1","ACGGCTGGATGTAGAA-1","ACGGGAGTGTCGGCCC-1","ACGGGCGTATGCGACA-1","ACGGGTCATGTGACTT-1","ACGTACAGATTTCTCT-1","ACGTAGATTGCTGATG-1","ACGTATTACTCCGATC-1","ACGTGCGCCTCGTGCA-1","ACGTGGTCGAATGTGC-1","ACGTTAATGTCGAAGA-1","ACGTTAGATTTGCCCG-1","ACGTTATTGGTCACTC-1","ACGTTCCGCGCTCCGT-1","ACGTTCGCAATCAATT-1","ACGTTCGTTCAGGAAA-1","ACGTTCTGTACAAGTC-1","ACGTTTAGTTGTGATC-1","ACTAAGGACGCACACC-1","ACTAATACGTCAGGCG-1","ACTACATCCCGACAAG-1","ACTACCAGCTCTCTGG-1","ACTACGCGTTAGAATT-1","ACTAGTTGCGATCGTC-1","ACTATATGCTGTGTTC-1","ACTATCCAGGGCATGG-1","ACTATCTGCCCGCGTA-1","ACTATGTCCAGCTGCC-1","ACTATTCGTCCGTGGT-1","ACTATTTCCGGGCCCA-1","ACTCAACGAATGTATT-1","ACTCAAGTGCAAGGCT-1","ACTCAATAAAGGCACG-1","ACTCAGACCTGCTTCT-1","ACTCATGGCAGCCTTC-1","ACTCCAATATCATCAT-1","ACTCCCATTCCTAAAG-1","ACTCCCGAATTCGTTT-1","ACTCCCTAATGCTAAA-1","ACTCCCTAGAATAGTA-1","ACTCGATGTATTTCAT-1","ACTCGTAACCCGTCCT-1","ACTCGTCAGTAATCCC-1","ACTCTAAACCTGGGAT-1","ACTCTCTGACTTAGGT-1","ACTCTCTTATACACGA-1","ACTCTTCAGCTCCCGC-1","ACTCTTGTATAGTAAC-1","ACTGAAACGCCGTTAG-1","ACTGAATGGCGAAAGT-1","ACTGATTTAGTGATTC-1","ACTGCCCGCCATTCTC-1","ACTGCCGTCGTAACTC-1","ACTGCGGACACACCGT-1","ACTGCTCGGAAGGATG-1","ACTGGCGAACCTGCGT-1","ACTGTACGATACACAT-1","ACTGTAGCACTTTGGA-1","ACTGTATACGCGAGCA-1","ACTGTCCAGGATTATA-1","ACTGTCTTCTTTAGAA-1","ACTGTGCTAGTAGATC-1","ACTGTTTAGTGTAGGC-1","ACTTACCGGGCGCGCA-1","ACTTACGCATCCACGC-1","ACTTAGTACGACAAGA-1","ACTTATACTTACCCGG-1","ACTTATTAGGATCGGT-1","ACTTATTTATGTGCCA-1","ACTTCAGGCTGATCCC-1","ACTTCCATGCGGGACA-1","ACTTCGCCATACGCAC-1","ACTTGACTCCCTCTTT-1","ACTTGCCATATTGTAC-1","ACTTGGGACCCGGTGG-1","ACTTGTAGTCCCTTCA-1","ACTTGTGGATGGAACG-1","ACTTTACCCTCATGAA-1","ACTTTCCTATAGCTTC-1","ACTTTGACTGCATCCT-1","ACTTTGGTCGTGCTCC-1","ACTTTGTCGACGCACT-1","AGAAATTATGACTCGC-1","AGAACCCAGCGTGACA-1","AGAACCCTCAATTGGG-1","AGAACGTGGTACATTC-1","AGAAGAGCGCCGTTCC-1","AGAAGGTACACTTCAC-1","AGAAGGTTGCCGAATT-1","AGAAGGTTGTAGGTCG-1","AGAAGTGATTCGTGAT-1","AGAATAAATCTTCAGG-1","AGAATGCGGGTTCGGA-1","AGAATTATGGATTCGA-1","AGAATTGTTTGACATA-1"
0,0,0,0,0,0,0,1,1,0,0,1,0,2,0,0,1,0,0,0,0,0,0,1,0,0,0,0,2,0,0,0,0,0,0,0,0,0,0,1,0,0,0,0,0,1,0,0,0,0,0,0,0,0,0,0,0,0,0,0,0,0,0,0,0,1,0,1,0,1,0,0,0,0,0,0,0,0,1,0,0,0,1,0,0,0,0,0,0,0,0,0,0,0,0,0,0,0,0,0,0,0,0,0,0,0,0,0,0,0,0,0,0,0,0,0,0,0,0,0,0,0,0,0,0,0,0,0,0,0,0,1,0,0,0,0,0,0,0,0,0,0,0,0,1,1,0,0,0,0,0,0,0,0,0,0,0,0,0,0,0,0,0,0,0,0,0,0,1,0,0,0,0,1,1,0,0,0,0,0,0,2,0,0,0,0,0,0,0,0,0,0,0,0,0,0,0,0,1,0,0,0,0,0,1,0,0,0,0,0,0,0,0,0,0,0,0,0,0,0,0,0,0,0,0,1,0,0,1,0,0,0,0,1,0,1,0,0,0,0,0,0,0,1,0,0,0,0,0,0,0,2,0,0,0,2,0,0,1,0,0,0,0,0,0,0,0,0,0,0,1,1,1,0,0,0,1,0,0,0,0,1,0,0,0,0,0,0,0,0,0,0,0,0,0,0,0,1,0,0,0,0,0,0,0,0,0,1,0,0,0,0,0,0,0,0,0,1,0,1,0,0,1,0,0,1,0,1,0,1,0,0,1,0,0,0,0,0,0,0,0,0,0,0,0,0,1,0,0,0,0,0,0,0,0,0,1,0,0,0,0,0,0,0,0,0,0,0,0,1,0,0,0,0,0,0,0,0,0,0,0,0,1,0,0,0,0,0,2,0,0,0,0,0,0,0,0,0,0,0,0,0,0,0,0,0,0,0,0,0,0,1,0,0,0,0,0,0,0,0,0,0,0,0,0,0,1,0,1,0,0,0,0,0,0,0,1,0,0,0,0,1,0,0,0,0,0,0,0,0,0,0,0,0,0,1,1,0,0,0,0,0,0,0,0,0,0,0,1,0,0,1,2,0,1,0,0,0,0,0,0,0,0,0,0,2,0,0,0,0,0,0,0,1,0,1,0,0,0,1
0,1,0,0,0,0,0,0,0,0,0,0,0,1,0,1,2,0,0,0,0,0,1,0,0,0,0,0,0,0,0,0,0,0,0,0,0,0,0,0,0,1,1,0,0,0,0,0,0,0,0,0,0,0,1,0,0,0,3,0,0,0,0,0,0,0,0,0,0,0,0,1,0,0,0,0,0,1,0,0,0,0,0,0,0,0,0,0,0,0,0,0,0,0,0,0,0,0,0,0,1,0,0,0,0,1,0,0,0,3,0,0,1,0,0,0,0,0,0,0,0,0,0,0,0,0,0,0,0,0,1,0,0,0,0,0,0,0,0,0,0,0,0,1,0,0,0,0,0,0,0,0,0,0,0,0,0,0,0,0,0,0,0,1,0,0,0,0,0,0,0,0,0,2,0,0,1,0,0,0,0,1,2,0,0,0,0,0,0,0,0,0,0,0,0,0,0,0,0,0,0,0,0,0,1,0,0,1,0,0,0,0,0,0,1,0,0,0,0,0,1,0,1,1,1,0,1,0,0,0,0,2,1,0,0,0,0,0,0,1,0,0,0,0,0,0,2,0,0,0,1,0,0,0,0,0,1,0,0,0,0,1,0,0,0,1,2,1,0,0,0,0,0,0,0,0,1,0,0,0,0,0,0,0,0,0,0,0,0,0,1,0,0,1,0,0,0,1,0,4,0,1,0,0,0,0,0,0,0,0,0,0,0,1,0,1,0,0,0,0,0,0,0,0,0,0,0,0,0,0,1,0,0,0,0,0,0,0,0,0,0,0,0,1,0,0,0,0,0,0,0,0,0,1,0,0,0,0,0,0,0,0,0,0,0,0,2,0,0,0,0,0,0,0,1,0,0,0,0,0,2,1,0,0,0,0,0,0,0,0,0,0,0,0,0,2,1,0,0,0,0,0,0,0,0,1,1,0,0,0,0,0,0,0,0,1,0,0,0,0,0,0,0,2,0,0,1,0,0,0,0,0,1,0,1,0,0,0,0,0,0,0,0,1,0,0,0,0,0,0,1,0,1,0,1,1,0,0,0,0,0,0,0,0,0,0,0,0,0,0,0,0,0,0,0,0,0,1,0,1,0,0,0,0,0,0,0,0,0,0,0,0,2,0,0,0,0,0,0,0
0,1,1,0,0,0,2,1,1,0,0,0,1,1,1,1,0,0,0,0,0,0,0,1,1,0,0,0,1,0,0,0,1,0,0,1,0,0,0,0,0,0,1,1,0,0,4,0,0,2,1,0,0,0,0,2,0,0,1,0,0,0,0,0,1,1,1,1,0,0,0,1,0,1,0,2,0,2,1,0,0,0,0,2,0,1,0,1,0,0,0,0,1,0,1,0,1,0,0,0,1,1,0,0,1,2,0,0,2,1,1,0,4,1,0,0,1,0,0,0,0,0,0,2,1,0,1,0,0,0,0,2,0,0,0,0,1,0,0,0,0,0,1,1,0,1,0,0,0,0,0,0,0,0,0,0,0,3,0,0,0,1,1,2,1,0,0,1,0,1,0,1,0,1,1,0,0,0,0,0,2,0,1,0,2,0,1,0,2,1,0,0,0,0,1,2,0,0,4,1,1,0,0,0,2,0,5,1,1,1,0,0,0,0,0,0,0,0,1,1,1,0,1,0,0,0,0,0,0,2,1,2,0,1,0,1,0,1,5,0,0,0,0,2,0,0,0,2,0,1,1,1,2,1,0,0,0,0,1,0,1,1,0,0,2,0,0,1,0,1,0,0,3,0,0,0,0,2,0,2,3,0,1,2,0,1,1,0,0,1,2,0,0,0,1,0,0,0,0,0,0,0,0,0,1,0,1,0,0,0,0,0,0,1,3,1,0,0,0,0,2,0,0,1,0,0,1,0,0,0,1,1,0,0,1,0,0,0,1,0,0,1,0,0,0,0,1,0,1,0,0,0,0,1,0,3,1,0,0,2,0,0,0,1,1,0,3,1,1,1,0,0,0,2,0,0,1,1,0,0,0,1,0,0,0,1,2,0,0,0,1,0,1,2,0,0,1,1,0,0,1,1,1,0,0,1,0,1,0,0,0,0,0,1,0,1,0,0,0,0,1,0,1,1,1,1,0,0,2,2,0,1,0,0,0,0,0,0,0,0,1,1,0,0,0,1,0,1,0,1,1,2,0,0,0,3,0,0,1,0,1,1,0,0,0,0,0,0,1,0,0,2,0,1,1,0,0,3,0,0,0,1,0,0,1,1,0,2,1,2,0,0,0,0,0,3,1,2,0,3
0,1,0,0,0,0,0,0,1,0,0,0,0,0,0,0,0,0,0,0,0,0,0,0,0,0,1,0,0,1,0,0,0,0,0,0,2,0,0,0,0,0,0,1,0,0,0,0,1,0,0,0,1,0,1,0,0,0,0,0,0,0,0,0,1,0,2,0,0,0,0,0,1,0,1,0,0,1,0,0,1,0,0,0,0,0,0,0,0,0,0,0,1,0,0,0,0,0,0,0,0,0,0,0,0,0,0,0,0,0,0,0,1,0,0,1,0,1,0,0,0,0,0,0,0,0,1,0,0,0,0,0,0,0,0,0,0,0,0,0,0,0,0,0,1,0,0,1,0,0,0,0,0,0,0,0,0,0,0,1,0,0,0,1,1,0,0,0,0,0,2,1,0,0,1,0,0,0,1,0,0,0,1,0,0,0,0,0,0,0,0,0,0,0,0,0,0,0,1,0,0,0,0,0,0,0,0,1,0,0,0,0,0,0,0,0,0,0,0,0,0,1,1,0,1,0,0,0,1,0,0,0,0,0,0,0,0,0,0,0,0,0,0,0,0,0,0,0,0,0,0,0,0,0,0,0,2,0,0,0,0,1,0,0,0,0,0,0,1,0,0,0,0,0,0,0,0,1,0,0,0,1,0,0,0,0,0,0,0,1,0,0,0,0,0,0,0,0,0,1,0,0,0,0,0,0,0,0,0,0,1,0,0,0,0,0,0,0,1,1,0,0,0,0,0,0,0,0,0,0,0,0,0,0,0,0,0,0,0,0,0,0,0,0,0,1,0,0,0,0,0,0,0,0,0,0,0,0,2,0,0,0,0,0,0,0,0,0,0,0,0,0,0,0,0,0,0,0,0,0,0,0,0,0,1,0,0,0,0,1,0,0,0,1,0,0,1,0,0,0,0,0,0,0,1,0,1,0,0,0,0,0,0,0,0,0,1,0,0,0,0,0,0,1,0,0,0,0,0,1,1,0,0,0,0,0,0,0,0,0,0,0,0,0,0,0,0,0,0,0,0,0,0,0,0,1,0,0,0,0,0,0,1,0,0,0,0,0,0,0,0,0,0,1,0,0,0,0,0,1,0,0,1,0,0,1,0,0,0,0,0,0,0,0,0,0,0,0,0,0
0,0,1,0,0,0,0,2,0,0,1,0,0,0,0,0,0,1,0,0,0,0,0,0,1,0,0,0,1,0,0,0,0,0,0,0,0,1,0,0,1,1,0,0,0,0,0,0,0,0,0,1,0,0,0,0,0,0,0,0,0,0,1,0,1,0,0,0,0,0,2,1,1,0,0,0,1,0,2,2,0,0,0,0,0,0,0,0,0,1,0,0,0,0,0,1,0,0,0,0,0,0,0,0,0,0,0,0,0,0,1,0,0,0,0,0,0,1,0,0,2,0,0,0,1,0,0,0,0,0,0,0,0,0,1,0,0,0,0,0,0,0,0,0,0,0,0,0,0,0,0,0,0,0,0,0,0,0,0,0,0,0,0,0,0,0,0,0,0,0,0,1,0,2,0,1,0,0,0,0,0,0,0,0,0,0,0,1,0,0,0,1,0,0,0,0,1,0,0,0,0,0,0,0,1,0,0,0,0,0,1,0,0,2,1,0,0,0,0,0,0,0,0,0,0,0,0,0,1,0,0,0,0,1,0,0,0,0,0,0,0,0,0,0,0,0,0,0,0,0,0,1,0,0,0,0,0,0,0,0,0,0,0,0,0,0,0,0,0,1,0,0,0,0,0,0,0,1,0,1,0,0,1,0,0,0,2,0,0,0,1,1,1,0,0,0,0,0,0,0,0,0,0,0,0,0,0,0,0,0,2,0,0,0,0,0,0,0,0,0,0,0,0,0,1,0,0,0,0,2,0,0,0,0,1,0,0,0,0,2,0,0,0,0,0,1,0,1,0,0,0,0,0,0,0,1,0,0,0,0,0,0,2,0,0,0,0,0,0,1,0,0,0,1,0,0,0,0,0,0,0,0,0,0,0,0,0,0,0,0,0,0,1,2,0,0,0,0,0,0,0,0,0,0,0,0,0,0,0,0,0,0,0,0,0,0,0,0,1,0,0,0,0,1,0,0,0,0,0,0,0,0,0,1,0,1,0,0,0,0,0,0,0,0,0,0,0,0,0,0,0,0,0,0,0,0,0,0,1,1,0,0,0,0,0,0,0,1,0,0,1,0,0,0,0,0,0,0,1,0,0,1,0,0,0,0,0,0,0,0,0,0,0,0,0,0,0,0,0,0
1,0,1,1,2,0,1,0,0,1,0,1,1,1,0,0,0,0,0,0,1,0,0,0,0,0,2,1,1,0,0,1,0,1,0,0,1,1,0,0,0,0,0,2,1,1,2,0,2,0,1,1,6,2,1,0,0,0,1,0,0,0,1,0,1,1,2,1,0,0,1,0,2,1,2,1,0,2,2,0,1,0,3,0,0,2,1,3,0,1,0,0,0,0,2,0,1,0,0,0,0,1,1,3,0,2,1,0,0,2,1,0,0,2,0,0,2,1,0,0,0,0,1,0,2,0,0,0,0,0,1,0,2,1,0,0,0,0,0,0,0,0,1,0,1,2,0,1,1,2,1,1,0,0,0,0,0,1,0,1,0,0,0,1,1,1,2,0,1,0,0,0,0,1,1,1,0,0,2,0,1,4,1,0,0,0,0,0,0,0,0,0,0,0,1,0,0,0,1,0,0,0,0,0,0,0,2,1,0,2,2,0,2,1,0,0,1,0,0,0,1,1,0,0,0,1,0,0,2,0,1,1,1,2,0,0,0,1,2,0,0,0,0,0,0,0,1,1,0,0,0,3,1,1,0,0,1,0,2,0,0,1,1,0,0,0,0,1,0,0,0,2,2,0,0,3,0,0,1,2,0,2,0,0,0,0,1,1,0,0,0,0,0,0,0,2,1,1,0,0,0,1,0,0,0,0,0,1,0,1,2,0,0,1,0,0,0,0,0,2,0,0,0,1,1,0,1,0,1,0,1,1,1,0,0,0,0,0,3,2,0,0,1,0,0,1,0,3,0,1,0,0,0,0,0,1,2,3,4,0,1,0,0,3,2,0,2,3,3,1,0,0,1,1,3,1,0,1,0,0,0,1,0,0,1,0,0,0,0,1,0,0,1,1,0,1,1,0,0,0,0,1,2,0,2,0,1,1,0,0,0,2,0,0,0,1,0,0,0,0,0,0,0,0,0,3,1,0,1,0,0,0,0,0,0,0,0,1,0,0,0,1,0,0,0,0,0,1,0,0,1,1,0,1,1,1,0,0,2,0,1,0,1,1,1,2,3,0,0,0,1,1,1,0,4,0,1,0,0,2,0,0,0,1,0,2,1,0,0,0,0,0,0,1,0,1,2,0,0,1
0,0,1,0,1,0,0,0,0,1,0,0,1,0,0,1,1,0,0,0,0,0,1,0,0,0,0,0,3,0,0,0,0,0,1,1,0,0,0,1,1,0,0,0,0,0,0,0,1,0,1,0,0,0,0,1,0,0,0,0,0,1,0,0,0,0,0,0,1,0,0,0,3,0,1,1,0,0,1,1,0,0,1,0,0,1,2,0,0,0,0,0,1,1,0,1,0,0,2,1,0,0,1,3,0,1,0,0,0,1,0,0,0,0,1,0,0,0,0,0,1,0,1,0,1,0,0,0,0,0,0,0,1,1,0,1,0,0,0,0,0,0,0,0,0,1,0,2,0,0,0,1,1,0,0,0,0,0,0,0,1,0,1,0,0,0,1,0,0,1,0,0,2,0,0,2,0,0,0,0,4,0,0,0,0,0,1,0,0,0,0,0,0,1,0,1,0,0,0,1,0,0,1,0,0,0,0,0,0,0,1,1,0,2,0,0,2,2,0,0,1,0,0,1,1,0,0,0,0,0,0,0,1,0,0,0,0,1,0,0,0,0,0,1,0,0,0,1,0,0,0,0,0,0,0,0,1,2,2,0,0,1,0,0,0,1,0,1,1,0,0,1,0,0,0,0,1,0,1,0,0,1,0,1,0,0,0,0,0,1,0,1,0,0,0,0,0,0,0,1,0,1,0,0,0,0,0,0,0,0,1,0,0,0,0,1,0,1,0,0,0,0,0,0,0,0,1,0,1,2,1,0,1,0,0,0,0,0,0,0,0,0,0,0,0,3,0,0,2,0,0,0,0,0,0,1,1,0,1,1,0,0,1,0,0,0,0,1,0,0,3,0,0,0,2,0,0,0,0,1,0,0,0,0,0,0,0,1,0,1,0,0,1,0,0,0,2,0,0,0,0,0,0,0,0,0,0,0,0,1,0,1,1,0,1,0,0,0,0,0,0,0,1,0,0,0,0,0,1,0,1,0,0,1,0,0,0,0,0,0,0,1,0,0,0,0,1,1,1,0,1,0,1,0,0,0,0,0,0,1,1,0,0,0,0,1,1,0,0,0,0,0,0,1,0,0,0,0,0,2,0,0,1,0,0,0,0,0,1,0,0,0,0,0,0,0,1,1,1,0
0,0,0,0,0,0,0,0,1,1,0,0,0,0,0,0,0,0,0,0,0,0,0,0,0,1,0,0,2,0,0,0,0,2,0,0,0,1,0,0,0,0,0,0,0,0,0,0,1,0,0,0,0,0,0,0,0,0,0,0,0,1,1,0,0,0,0,0,0,1,1,0,1,0,0,0,0,0,1,0,0,0,0,0,0,0,1,1,0,1,0,0,0,0,0,0,0,0,0,0,0,2,0,0,0,1,0,0,0,0,0,0,0,0,0,0,0,0,0,0,0,0,0,2,1,0,0,0,0,0,0,0,0,0,0,0,0,0,0,0,0,0,0,0,0,0,0,0,0,0,0,0,1,0,0,0,1,0,0,1,0,0,0,1,0,0,0,0,1,0,1,0,0,3,0,0,0,0,0,0,1,0,0,0,0,0,0,0,0,0,0,0,0,0,0,0,0,0,0,0,0,0,0,1,0,1,0,0,0,1,1,0,0,0,0,0,0,0,1,0,0,0,0,0,0,0,0,0,0,1,0,0,0,0,0,0,0,0,0,0,0,0,0,0,0,0,0,1,1,0,0,1,0,1,0,0,1,0,0,0,0,0,0,0,0,0,0,0,2,1,0,0,0,0,0,0,0,1,0,0,0,2,1,0,0,0,0,0,0,0,0,0,0,0,0,0,0,0,0,0,0,0,0,0,0,0,0,0,1,0,0,0,1,0,1,1,0,2,0,0,0,0,0,3,0,0,0,0,0,0,1,0,0,0,0,0,0,0,0,0,0,0,0,0,0,0,0,1,0,1,0,1,0,0,0,1,0,0,0,1,0,0,0,0,0,0,0,0,0,0,0,0,0,0,0,0,1,0,0,0,0,0,0,0,0,0,0,1,0,0,0,0,1,0,0,0,0,0,0,0,0,0,1,0,1,1,1,0,1,0,0,0,1,0,0,1,0,0,0,1,0,1,0,1,0,0,0,0,0,0,2,0,0,0,0,0,0,0,0,0,0,0,0,0,0,0,0,0,2,0,0,0,0,1,0,0,0,0,0,0,0,1,0,1,1,0,0,0,1,0,1,2,0,0,1,0,0,0,0,1,0,0,0,0,0,1,0,0,1,0,0,0,0,0,0,0,0,1,1,0
0,3,1,0,0,1,1,1,2,1,0,0,1,1,0,1,1,0,0,1,0,0,0,2,1,2,1,3,1,0,1,0,0,2,0,1,0,1,0,0,0,2,0,1,1,1,1,0,2,0,0,0,1,1,1,1,0,0,0,0,2,1,1,1,1,0,1,1,0,2,0,1,1,0,1,0,0,0,0,0,0,1,1,1,0,0,0,0,0,0,1,1,1,0,0,1,1,0,0,0,1,1,0,0,0,1,0,0,1,1,1,0,0,0,1,0,2,1,0,1,0,1,0,0,1,0,0,0,1,0,0,2,0,1,0,1,0,0,0,0,0,0,0,1,1,2,1,1,0,0,0,0,0,0,0,0,2,1,0,1,0,1,1,1,0,1,2,0,2,1,0,0,0,1,0,1,3,0,1,0,1,3,1,0,0,0,4,0,0,1,0,2,0,0,2,1,0,3,2,1,0,0,2,0,1,0,0,0,0,3,3,1,0,0,1,0,1,1,0,0,1,1,2,0,1,0,0,0,2,0,0,1,0,0,0,0,0,1,0,0,0,0,2,1,1,0,1,0,1,1,1,1,1,3,0,0,0,0,1,0,0,0,0,0,0,1,0,0,1,0,0,0,1,1,0,0,0,2,0,1,1,0,0,0,3,1,2,0,0,0,0,0,0,0,0,2,2,2,1,1,1,0,2,0,0,2,1,0,0,2,1,0,1,0,0,0,1,1,1,2,1,0,0,1,0,1,1,3,1,0,0,0,1,0,2,0,1,0,1,3,0,0,1,0,0,0,1,1,0,0,1,1,1,0,0,1,2,1,1,0,0,0,2,0,1,0,0,1,0,1,0,0,0,0,2,0,0,0,0,1,0,0,1,0,0,0,1,0,0,0,1,0,2,0,0,0,0,1,0,0,1,2,1,1,1,0,2,0,0,0,1,2,0,0,1,0,0,1,0,2,0,1,0,0,0,0,0,0,0,1,2,2,1,0,1,0,1,0,1,0,0,1,0,0,0,1,1,0,0,1,0,0,1,0,4,1,0,0,0,0,1,1,1,0,1,0,1,0,0,3,1,0,3,0,0,0,1,2,1,2,1,1,3,2,1,0,0,1,0,2,0,0,0,0,0,0,1,1,0,0
0,2,0,0,0,0,2,1,2,1,0,0,1,0,0,1,0,0,0,0,0,0,0,0,2,0,0,0,0,0,1,0,0,1,0,0,0,0,0,2,1,0,0,0,0,0,0,0,0,0,1,0,0,0,0,0,0,0,0,1,0,2,0,0,0,0,0,0,0,1,0,0,0,0,0,2,0,0,0,0,0,0,0,1,0,0,0,1,0,0,0,0,0,0,0,0,0,0,1,2,0,0,2,1,0,0,0,0,0,0,1,0,0,0,0,2,0,0,0,0,1,0,0,0,1,0,0,0,0,0,0,0,0,0,0,0,0,0,0,1,0,0,0,0,1,1,0,0,0,0,1,0,0,0,0,0,0,1,0,0,0,0,1,0,0,1,0,0,0,0,0,0,0,0,1,0,2,0,1,0,0,3,1,0,0,0,0,1,0,0,0,0,0,0,2,0,0,0,1,0,0,0,0,0,0,0,1,0,0,0,0,0,0,0,0,0,0,0,0,1,0,0,0,0,0,0,0,0,0,0,0,0,0,0,0,0,0,0,0,1,0,0,0,0,0,0,0,0,2,1,0,1,1,0,0,1,0,0,0,0,0,0,0,0,0,0,0,0,0,0,0,0,1,0,0,0,0,1,0,0,0,0,1,1,0,0,0,0,0,1,1,1,0,0,0,0,0,0,0,0,0,0,0,0,0,0,0,0,0,0,0,0,0,0,0,0,0,0,0,1,1,2,0,1,0,0,0,0,0,0,0,0,0,0,0,0,0,0,1,0,0,0,0,0,1,1,1,0,0,0,0,0,0,0,0,0,1,0,0,0,0,0,0,0,0,0,0,0,0,1,1,0,0,1,0,0,0,0,0,0,0,0,0,0,0,0,0,0,0,0,0,1,0,1,0,0,0,0,0,0,0,0,1,0,0,1,1,0,0,0,0,0,0,0,1,0,0,0,0,0,1,0,0,0,0,0,2,0,1,0,0,0,0,0,1,0,0,0,0,0,0,1,0,0,0,0,0,1,0,0,0,0,1,0,0,0,0,0,0,0,0,0,0,0,1,0,0,0,0,0,0,0,0,0,0,0,0,0,0,1,0,1,0,1,0,0,0,0,0,2,0,0,0,1,0,0,0,0,1,0
0,1,0,0,2,1,2,0,0,0,0,0,0,0,0,1,0,1,0,0,1,0,0,1,0,0,0,0,1,0,1,1,0,1,0,0,0,0,0,0,0,0,0,0,1,0,2,1,2,0,0,0,0,0,1,0,0,1,0,0,0,0,0,0,0,0,2,0,0,1,1,0,1,1,0,1,0,0,0,0,0,0,0,1,0,0,0,1,0,0,0,0,1,0,0,0,0,0,0,0,0,0,1,2,0,0,0,0,0,2,0,0,3,0,0,0,0,0,0,0,0,2,0,0,0,0,0,0,0,0,0,0,0,0,0,0,0,0,1,0,1,1,0,0,0,0,2,0,0,0,0,0,0,0,0,0,0,1,0,0,0,0,1,0,0,0,0,0,0,1,1,1,0,0,1,0,0,0,0,0,0,0,0,0,1,0,0,1,0,0,0,1,0,2,0,0,0,0,0,1,0,0,0,0,0,0,0,0,0,0,0,0,0,0,0,1,0,0,0,1,0,0,1,0,0,0,0,0,0,1,0,0,4,0,0,0,0,0,0,0,0,1,0,2,0,1,0,0,0,0,2,1,2,2,0,1,0,1,0,0,0,0,1,0,0,1,1,0,0,0,0,2,0,0,0,1,0,0,0,1,3,1,0,0,1,0,2,0,0,0,0,0,0,0,1,2,0,1,1,0,0,0,0,0,0,0,0,0,0,0,0,0,0,0,1,0,0,0,0,1,1,0,0,1,0,0,0,0,0,0,0,1,0,1,1,0,0,0,0,0,0,0,1,0,1,0,0,1,0,0,0,0,1,0,1,1,0,1,3,0,0,0,2,0,0,0,0,2,2,0,0,0,0,1,2,0,0,0,0,0,0,0,0,0,0,0,0,0,0,0,3,0,0,0,0,0,0,0,0,0,0,0,0,0,1,0,0,2,1,0,0,0,0,1,0,0,0,1,0,0,0,0,1,1,0,1,0,0,1,0,0,0,3,1,0,1,1,0,0,1,0,0,0,1,0,0,0,0,0,0,0,1,0,0,1,2,0,0,1,0,2,1,0,0,0,0,0,0,0,0,0,0,0,0,1,0,0,0,1,0,0,0,0,0,0,2,0,0,2,3,1,0,0,0,0,0,1,0,0,0
0,0,0,0,0,0,1,0,0,0,1,0,0,1,0,0,1,0,1,0,1,1,1,2,0,1,1,1,1,0,1,0,0,0,0,0,0,0,0,1,2,2,1,1,0,0,0,0,0,0,0,0,0,0,0,1,0,0,0,0,2,0,0,1,2,0,3,0,1,0,1,0,0,0,0,2,1,1,0,0,1,0,2,0,0,2,0,1,0,2,0,0,0,0,1,0,0,0,1,0,1,0,0,0,1,1,0,0,1,1,0,0,2,0,0,0,1,0,0,0,2,0,1,1,1,1,0,0,0,0,1,0,0,0,0,1,0,0,0,0,2,0,1,1,0,0,0,0,0,0,0,0,1,0,0,0,0,0,0,0,0,0,1,1,0,0,0,0,1,0,0,1,0,4,4,1,0,0,1,0,2,0,1,0,0,1,1,0,1,1,0,1,0,1,1,0,0,0,2,1,0,0,0,2,0,1,0,0,1,0,2,1,0,0,0,0,1,0,0,0,0,0,0,0,1,0,0,0,0,1,0,3,0,0,0,2,0,0,2,0,0,0,0,1,0,1,0,0,1,1,0,1,1,1,0,1,0,3,0,0,0,1,1,2,1,1,0,0,0,0,0,0,0,1,0,1,1,0,0,2,1,0,2,0,0,0,1,1,0,0,0,0,0,0,1,0,0,2,1,0,2,0,1,0,2,0,0,1,0,0,3,0,0,1,1,0,0,2,0,0,2,3,0,0,0,0,0,0,2,1,0,0,0,0,1,1,0,0,0,1,0,0,0,1,0,0,0,0,0,1,0,1,1,0,0,2,0,0,3,0,0,0,2,0,0,0,0,0,0,0,0,0,0,0,0,0,0,0,1,0,2,2,1,0,0,0,2,2,0,0,0,1,1,0,1,1,0,0,1,0,0,0,1,0,0,0,1,1,1,0,0,3,1,0,0,2,0,0,0,0,1,0,0,0,1,1,1,0,0,0,0,0,1,0,0,0,0,2,0,0,0,1,0,0,0,0,1,1,1,2,1,0,1,0,0,0,0,0,0,0,0,1,0,1,1,2,0,0,0,1,0,2,1,1,1,0,0,1,0,1,1,0,0,0,0,0,1,1,1,0,0,0,0,0,0,0,0,0,0,0
0,0,1,0,0,1,0,1,0,1,0,0,0,1,0,0,1,0,0,0,0,0,0,0,0,0,0,0,0,0,0,0,1,0,1,0,0,0,0,1,0,0,0,0,0,0,0,0,0,0,0,0,0,0,0,0,0,0,0,0,0,0,0,0,1,0,0,1,0,0,0,0,0,0,0,0,0,1,0,0,0,0,0,0,0,0,0,0,0,0,0,0,0,0,0,0,0,0,2,0,1,1,0,0,0,0,0,0,0,1,0,0,0,0,0,0,0,1,0,0,0,0,0,0,0,0,1,0,0,0,0,0,0,0,0,1,1,0,0,0,0,0,0,0,0,1,0,0,0,0,0,0,0,1,0,0,0,0,0,0,0,0,0,0,0,0,0,0,1,0,0,0,0,0,0,0,0,0,0,0,1,0,0,0,0,1,1,0,0,0,0,0,0,0,0,0,0,0,0,0,0,0,0,0,1,0,0,0,0,0,0,0,0,0,0,0,0,1,0,0,0,0,0,0,0,0,0,0,0,0,0,0,0,0,0,1,0,0,0,0,0,0,0,0,0,0,0,0,0,0,0,0,0,1,0,1,0,0,0,0,0,1,0,1,0,0,0,1,0,0,0,0,0,0,0,0,0,1,1,0,0,1,0,0,0,1,0,0,0,0,0,0,1,0,0,0,1,0,0,0,0,0,0,0,0,0,0,0,0,0,2,0,0,0,0,0,1,0,0,0,0,0,0,0,0,0,0,0,0,0,0,0,0,0,1,0,0,0,1,1,0,0,0,0,0,0,0,1,0,1,0,0,0,0,0,0,0,0,1,0,0,0,0,0,0,0,0,0,0,0,0,0,0,1,0,0,0,0,1,0,0,0,0,0,0,0,0,0,0,0,0,0,1,0,0,1,0,0,0,0,1,0,0,0,0,0,0,1,0,0,0,0,0,0,0,0,0,0,0,0,0,0,0,0,0,0,1,0,0,0,0,1,0,0,0,0,0,0,0,0,0,0,1,0,0,0,0,0,0,0,0,0,0,0,0,0,0,0,0,0,0,0,0,0,0,0,0,0,1,0,0,0,0,1,0,0,0,0,0,1,0,0,0,0,0,0,0,0,0,0,1,0,0,0,0,0,0,1,0,0
0,2,0,1,0,1,1,1,0,0,0,0,1,1,1,1,2,0,0,1,1,0,0,0,1,0,0,2,1,0,0,0,0,3,1,1,0,2,0,1,1,0,0,1,2,0,0,1,5,0,0,1,0,0,1,0,1,0,0,0,2,1,1,0,0,0,1,1,0,0,0,0,0,1,2,1,3,0,1,0,0,0,1,0,0,0,0,2,0,1,0,0,0,1,0,0,1,0,0,0,0,0,2,1,2,1,0,1,0,1,0,0,0,0,0,1,0,0,0,0,0,0,0,1,2,0,1,0,0,1,0,1,0,1,0,1,1,0,0,1,0,0,0,0,2,1,2,2,1,0,0,0,0,0,0,0,1,1,0,2,0,0,1,3,0,1,2,1,1,0,0,0,0,2,0,0,1,0,2,0,0,1,0,0,2,2,0,1,1,0,0,2,0,0,0,0,0,0,1,1,1,0,1,1,3,1,0,0,1,2,1,2,2,1,1,0,0,0,1,0,1,0,2,0,0,0,0,0,1,0,0,1,0,0,0,1,0,1,0,1,0,0,0,0,0,0,0,2,1,1,2,0,2,2,0,0,1,1,0,1,1,1,1,1,0,1,1,3,0,0,0,1,0,2,1,2,1,0,1,2,2,1,1,0,0,1,0,0,0,0,0,1,0,1,0,1,0,0,0,0,0,0,0,0,0,1,1,1,0,0,1,0,1,0,1,0,0,2,0,0,0,0,0,2,1,0,0,0,1,1,1,2,1,0,2,2,0,0,0,0,0,1,0,2,0,0,0,0,1,1,0,1,0,1,0,0,0,0,0,0,0,0,0,1,0,0,1,0,2,1,0,1,1,1,0,1,0,1,3,1,0,0,0,0,0,0,0,2,0,2,1,0,1,3,0,0,0,1,0,0,0,0,1,2,2,1,3,2,0,1,1,1,2,0,0,0,0,0,0,0,0,1,1,0,0,0,0,0,2,1,1,0,0,0,0,0,0,0,1,0,0,1,1,0,0,0,1,0,0,0,0,0,0,0,2,0,0,1,0,1,0,0,2,0,0,0,1,1,1,0,0,2,0,0,3,0,1,2,2,2,0,2,1,1,3,0,1,0,1,1,0,0,0,0,0,0,3,1,2,2
0,0,0,0,0,0,0,0,0,0,0,0,1,0,0,0,1,0,0,1,0,1,0,0,0,1,0,0,1,0,0,0,0,0,1,0,0,0,0,0,0,0,0,0,0,0,0,0,0,2,1,0,1,0,1,0,0,0,0,0,0,0,0,0,0,0,1,1,0,1,1,1,0,0,0,0,0,0,0,0,2,0,0,0,0,0,0,0,0,1,0,1,0,0,1,0,0,0,0,0,0,0,0,2,0,0,0,0,1,1,0,0,1,0,0,0,0,2,0,0,0,0,0,0,0,0,0,1,0,0,0,0,0,0,0,0,0,0,0,0,0,0,1,0,0,0,0,0,0,0,0,0,0,0,0,0,0,0,1,1,0,0,0,1,0,2,0,2,2,0,0,1,0,1,0,0,1,0,0,0,0,0,0,0,0,0,1,0,0,0,0,0,0,0,0,0,0,0,1,0,1,0,1,1,0,0,1,1,0,0,1,0,0,0,0,0,0,0,0,0,1,0,0,0,0,1,1,0,0,0,1,0,0,1,0,1,0,0,0,0,0,0,0,0,0,0,0,3,0,0,1,0,1,0,0,0,1,0,1,0,0,0,0,2,0,0,1,0,0,0,0,0,0,0,0,0,2,0,0,0,0,0,1,0,0,0,0,0,0,0,0,0,0,1,0,1,1,0,0,0,0,0,1,0,0,0,0,1,0,0,1,1,0,0,0,0,0,0,0,0,0,0,0,0,0,1,0,0,1,0,0,0,1,1,0,0,0,0,0,0,0,0,0,3,0,0,0,0,0,0,0,0,2,0,0,0,0,0,1,0,0,0,0,0,0,0,2,1,0,0,0,0,0,0,0,0,1,0,1,0,0,0,0,0,0,0,0,0,0,0,0,0,0,0,1,0,0,0,0,0,1,0,0,0,1,0,0,0,0,0,0,2,0,0,0,0,0,0,0,0,0,0,0,0,1,0,2,0,0,2,0,0,0,2,0,0,0,0,0,0,0,0,1,1,0,0,0,0,1,0,1,0,0,0,0,1,1,0,0,0,0,0,0,0,0,0,1,1,0,0,0,2,1,0,1,1,0,1,0,0,0,0,0,0,0,0,0,0,0,1,0,0,0,0,0,0,1,0,0,1
0,0,1,0,1,0,0,1,0,0,0,1,0,0,0,0,0,0,0,0,0,0,0,0,0,0,0,0,0,0,0,0,0,1,0,1,0,1,0,1,0,0,0,1,0,1,0,0,0,0,1,0,0,0,0,0,0,1,0,0,0,0,1,1,0,0,0,1,0,0,0,0,0,0,1,0,0,0,0,0,0,0,1,0,0,0,0,0,0,1,0,0,0,0,0,0,0,1,2,0,0,0,0,0,0,0,0,0,0,0,0,0,0,0,0,0,1,0,0,0,0,0,0,0,1,0,0,0,0,0,0,0,0,0,0,0,1,0,0,0,0,0,0,0,0,1,0,0,0,0,0,0,0,0,0,0,0,0,0,1,0,0,0,0,0,0,1,0,0,0,0,1,0,0,0,1,1,0,0,0,0,0,0,0,0,0,0,0,0,0,0,0,0,0,0,0,0,0,0,0,0,0,0,0,0,0,0,0,0,0,0,0,0,0,0,0,0,0,1,0,0,0,0,0,0,0,0,0,0,0,0,0,0,0,0,2,0,0,0,0,0,0,0,1,0,0,0,0,0,0,1,0,0,0,0,0,0,0,0,0,0,0,0,1,0,0,0,0,0,0,0,0,0,0,0,0,0,0,1,0,0,0,0,0,0,0,0,0,0,0,0,0,0,0,0,0,0,0,0,0,0,0,0,0,0,0,0,0,0,0,2,0,0,0,0,0,0,0,0,0,0,0,0,0,0,0,0,0,0,0,0,0,0,0,0,0,0,0,0,0,0,0,0,0,0,0,0,0,0,0,0,1,0,0,0,0,1,0,0,0,0,0,0,0,0,0,1,0,0,0,2,0,0,0,0,0,0,0,0,0,0,0,0,0,0,0,0,0,0,1,0,0,0,0,0,0,0,0,0,0,0,0,1,0,1,0,0,0,0,0,0,0,0,0,0,0,0,0,0,1,0,0,0,0,0,0,1,0,1,0,0,0,1,0,0,0,0,0,0,0,0,0,1,0,1,0,0,0,0,0,0,0,0,0,0,0,0,0,1,0,0,0,0,0,0,0,0,0,1,0,0,0,0,0,0,0,0,0,0,0,0,0,0,0,0,0,0,0,0,1,0,0,0,0,0,0,0,0,0,0
0,0,3,1,0,0,0,0,0,0,0,0,0,1,0,0,1,0,0,0,0,0,0,0,0,0,0,0,1,0,0,0,0,3,0,0,0,0,0,0,1,0,0,0,0,0,0,0,1,0,0,1,0,0,0,1,0,0,1,0,0,0,0,0,0,0,1,0,0,0,1,0,1,2,0,0,2,1,0,0,0,0,0,0,0,0,0,1,0,0,0,0,1,1,0,1,0,0,0,0,0,0,1,1,1,0,0,0,0,0,1,0,0,0,0,1,0,0,0,0,0,0,0,0,2,1,0,1,0,0,0,1,0,0,1,0,0,0,1,0,0,0,2,1,0,1,4,0,0,0,0,0,0,0,0,0,0,1,0,0,0,0,0,1,0,0,0,0,0,0,0,0,0,0,0,0,0,0,2,0,0,0,0,0,0,2,0,2,2,0,0,1,0,0,0,0,0,0,1,0,1,0,0,0,0,0,0,1,0,1,0,0,0,0,0,0,0,0,0,0,0,0,0,0,0,1,0,0,0,0,0,2,0,1,0,0,0,0,0,1,0,0,0,1,0,0,0,0,0,0,0,3,0,1,0,1,2,2,1,0,1,1,0,0,0,0,0,1,1,1,0,1,0,0,0,0,0,0,0,0,1,0,1,0,0,0,0,0,0,0,0,0,0,0,0,0,0,3,1,1,0,1,0,0,0,0,0,0,0,0,0,0,0,0,1,0,0,1,0,0,0,0,0,0,1,0,0,0,0,0,1,0,0,0,1,0,0,0,0,0,0,0,0,0,0,0,0,0,0,0,0,1,1,0,0,1,1,1,0,0,0,0,1,0,0,0,0,0,0,0,0,0,0,1,1,0,0,0,0,0,0,0,0,0,0,0,1,0,1,0,0,0,1,0,0,0,1,0,0,0,0,0,0,0,1,0,1,0,0,0,0,1,1,0,0,0,0,0,0,0,0,0,0,0,0,0,1,1,0,0,0,0,0,0,0,0,1,0,0,0,0,1,0,0,0,1,0,1,1,0,0,0,0,0,2,0,2,2,1,1,1,0,2,1,1,0,0,0,0,0,0,0,1,0,2,1,0,0,0,0,0,1,1,1,0,0,0,1,0,1,0,0,0,0,0,0,0,1,2,0
0,3,0,0,0,1,0,0,0,1,0,0,0,0,0,0,0,0,0,0,0,0,1,0,0,0,0,0,0,0,0,0,0,1,0,0,0,0,0,3,0,2,0,0,0,0,1,0,0,1,0,0,0,0,0,0,0,0,0,0,1,0,0,0,0,0,1,0,0,0,0,0,0,0,0,0,1,0,1,0,0,0,1,0,0,0,0,0,0,0,0,1,0,0,0,0,0,0,0,0,0,0,0,0,1,0,0,0,0,1,1,0,0,0,0,0,0,0,0,0,0,0,0,0,0,0,0,0,0,1,0,0,0,0,0,0,0,0,0,0,0,0,0,1,0,0,0,1,0,0,0,0,0,1,0,0,0,0,0,1,0,0,0,0,0,0,1,0,0,0,0,1,0,0,0,0,0,0,1,0,0,0,0,0,0,0,0,0,0,1,0,0,0,0,0,1,0,0,0,0,0,0,0,0,1,1,1,1,1,1,0,0,0,0,0,0,0,1,0,1,0,0,0,0,0,0,0,0,0,0,0,0,1,1,0,0,0,0,0,0,0,0,0,0,0,0,0,0,1,1,0,0,1,0,0,0,1,0,0,1,0,0,0,1,0,0,0,0,1,0,0,0,0,1,1,0,0,0,0,0,0,0,0,0,0,0,0,0,0,0,0,0,0,1,0,0,0,0,1,0,0,0,0,0,0,0,0,0,0,0,0,0,0,1,0,0,0,1,0,0,0,0,0,0,0,0,0,0,0,0,0,0,0,1,0,0,0,0,0,0,0,0,0,0,0,0,0,1,0,0,0,0,0,0,0,0,0,0,0,0,0,0,0,2,0,0,0,0,1,0,0,0,0,1,1,1,0,0,0,0,0,1,0,0,0,0,0,1,0,0,0,0,0,1,0,0,0,0,0,0,0,0,0,0,0,0,0,1,0,0,0,0,0,0,0,0,0,0,0,0,0,1,0,4,1,0,0,0,0,0,0,0,1,0,0,0,0,0,0,0,0,0,0,0,0,0,1,0,0,0,0,1,0,0,0,0,0,0,0,0,0,0,0,0,1,0,0,0,0,0,0,0,0,0,1,0,1,0,0,0,1,0,0,0,0,0,0,0,0,0,0,0,0,0,0,0,0,0,0,0
0,0,0,0,0,0,0,0,0,0,0,0,0,0,0,0,1,0,0,0,0,0,0,0,0,0,0,0,0,0,0,0,0,0,0,1,0,0,0,0,1,0,0,1,0,0,0,0,0,0,2,0,1,0,0,0,0,0,0,0,0,0,0,0,0,1,0,2,0,0,0,0,0,0,0,0,0,0,0,0,0,0,0,0,1,0,0,1,0,0,0,0,0,0,0,0,0,0,0,0,0,2,1,0,0,0,1,0,0,1,0,0,1,0,0,0,0,0,0,0,1,0,0,0,0,0,0,0,0,0,0,0,1,1,0,0,0,0,0,0,0,0,0,1,0,0,1,0,0,0,0,0,1,1,0,0,0,0,0,0,1,0,0,0,1,0,0,0,1,0,0,0,0,0,0,0,0,0,0,0,0,0,0,0,0,0,1,1,0,0,0,2,0,0,0,0,0,0,1,0,0,0,0,0,0,0,0,0,0,1,1,0,0,0,0,0,0,0,0,0,1,0,1,0,0,0,0,0,0,0,0,1,0,0,0,0,0,0,0,0,0,0,0,0,0,0,0,0,0,0,1,0,0,0,2,2,1,0,0,0,0,0,0,0,0,0,0,0,1,0,1,0,0,0,1,0,0,0,0,0,0,0,0,0,0,0,0,0,0,0,0,0,0,1,0,0,0,1,0,0,0,0,0,0,0,1,0,0,0,0,1,0,0,1,0,0,0,0,0,0,0,0,0,0,0,0,0,0,0,0,0,0,0,0,0,0,0,0,0,0,0,1,1,1,0,0,0,0,0,0,0,1,0,0,0,0,0,0,0,0,0,1,2,0,0,0,0,0,0,0,0,0,0,1,0,0,0,0,0,0,0,0,0,0,0,0,0,1,1,0,0,0,0,1,0,0,0,0,0,0,1,0,0,0,0,0,0,0,0,0,0,0,0,0,0,0,0,0,0,0,0,0,0,0,0,2,0,0,0,0,0,0,1,0,0,0,0,1,0,1,0,0,0,1,0,0,0,0,0,0,2,0,0,0,0,0,0,0,0,0,0,0,1,1,0,0,0,0,0,1,0,0,0,0,0,0,0,0,0,0,1,0,0,0,0,0,0,1,0,0,0,0,0,0,0,0,0,0,0,0
0,0,0,0,0,0,1,0,0,1,0,0,0,0,0,1,2,0,0,1,1,0,1,0,0,1,0,1,0,0,0,0,0,0,0,0,0,0,0,0,0,0,0,0,2,0,0,0,0,1,0,0,0,1,0,0,0,0,0,0,0,0,0,1,0,0,0,0,0,0,0,0,0,0,0,1,1,0,1,0,0,0,1,0,0,0,0,0,0,0,0,0,1,0,0,0,0,0,0,0,0,0,1,1,0,0,0,0,0,0,1,0,0,0,0,0,0,0,0,0,0,0,0,0,0,0,0,0,1,0,0,1,0,0,0,0,0,1,0,0,0,0,0,0,0,1,1,1,0,0,0,0,0,0,0,0,0,0,0,0,1,0,1,0,0,2,0,0,1,1,1,0,0,0,0,0,1,0,0,0,0,2,0,0,0,0,0,0,0,0,0,0,0,0,1,0,0,0,1,0,0,0,0,0,0,0,0,0,0,0,1,0,1,0,0,0,0,0,0,0,0,1,0,0,0,0,0,1,0,1,0,0,0,1,0,1,0,0,0,1,0,0,0,1,0,0,0,0,0,0,0,2,0,0,0,0,0,0,0,0,1,0,0,0,0,0,0,0,0,0,0,0,0,0,0,1,0,1,0,0,0,0,0,0,0,0,0,0,0,1,0,0,0,0,0,0,0,0,0,0,0,0,1,0,0,0,0,0,0,0,0,3,0,0,0,0,0,1,0,2,0,0,0,1,0,0,0,0,0,0,1,0,0,0,0,0,0,0,0,0,0,0,0,0,0,1,0,0,0,0,0,0,2,0,0,0,0,0,3,0,0,0,1,0,0,0,0,1,0,0,0,0,0,1,0,0,1,0,0,0,0,0,0,0,0,0,0,0,0,0,0,0,0,1,0,1,0,0,0,0,0,0,1,0,0,0,1,2,0,0,0,2,0,0,0,0,0,0,0,0,0,0,0,0,0,0,0,0,0,0,0,0,0,0,0,0,0,1,0,0,0,0,0,0,0,0,0,0,0,0,0,0,0,0,0,1,0,1,1,0,0,0,0,0,0,0,0,0,0,0,0,0,1,0,0,0,0,0,0,0,1,0,0,0,0,0,1,0,1,0,0,0,0,1,0,0,0,0,1,0
1,3,0,0,0,1,5,5,0,3,2,0,2,4,1,0,5,1,0,0,1,1,2,1,0,3,1,3,1,1,0,0,0,2,0,3,1,3,3,4,2,0,0,3,3,2,0,0,1,3,2,1,1,1,0,0,0,0,1,1,1,5,0,0,1,1,3,3,0,1,2,3,1,2,0,0,0,0,1,1,3,0,5,0,0,2,1,1,0,1,1,0,5,1,1,1,0,0,3,1,1,1,1,3,1,1,2,1,1,2,1,2,1,1,2,2,1,1,0,0,4,0,1,0,1,0,1,1,3,0,2,1,2,2,0,0,0,1,0,0,0,0,0,4,2,1,1,2,0,1,1,1,2,4,1,0,1,1,0,3,1,1,1,1,1,0,2,0,2,0,2,1,0,0,1,1,0,0,5,0,6,3,1,0,1,4,2,2,1,1,0,2,0,3,0,2,0,1,3,1,2,0,0,2,3,0,3,1,0,1,2,4,1,2,2,0,1,2,2,0,4,0,2,1,1,0,1,2,0,1,0,1,0,1,0,0,0,1,2,1,0,0,1,3,1,0,0,2,1,1,0,7,1,1,1,3,5,1,1,1,0,1,1,2,0,1,0,4,1,0,1,0,2,1,0,0,0,4,3,4,2,3,0,0,0,1,4,1,1,0,2,0,0,3,0,1,0,0,2,1,1,2,0,1,0,1,0,1,3,5,1,1,0,0,0,2,0,2,2,2,3,1,0,3,0,1,2,0,1,0,1,6,1,2,1,2,1,0,1,1,0,1,0,2,1,2,0,3,2,5,1,1,2,1,0,0,2,3,2,1,0,1,3,1,1,0,3,1,2,0,1,0,2,4,3,4,2,2,0,0,2,1,1,0,0,1,0,2,3,1,2,0,1,2,0,0,0,1,3,0,1,0,0,3,2,1,3,2,0,0,2,4,1,0,0,3,1,1,1,1,1,0,1,0,1,0,0,0,3,1,2,1,2,2,0,1,1,1,0,1,1,4,1,1,2,0,0,3,1,0,1,2,3,2,5,0,0,1,0,1,1,0,2,0,0,2,2,1,0,4,4,2,4,1,6,2,2,3,0,7,1,1,1,1,4,5,0,2,3,2,0,0,0,0,0,3,5,1,1,1
0,0,2,0,2,0,0,0,1,0,1,0,1,3,0,2,1,0,0,0,0,0,1,1,0,1,0,1,1,0,1,0,1,2,1,0,0,0,0,1,0,0,0,1,0,1,1,0,0,0,1,1,0,0,1,0,1,2,0,0,0,0,0,0,0,0,4,0,0,1,1,0,0,1,1,0,0,1,0,0,0,0,2,1,0,0,0,0,0,1,0,1,0,3,1,1,0,0,0,0,1,1,0,1,1,0,0,0,0,2,1,0,2,0,0,0,1,1,1,0,1,0,0,0,1,0,1,1,0,1,0,0,1,0,1,1,1,0,1,0,1,0,1,0,1,0,1,1,0,2,1,0,0,0,0,0,0,0,0,0,0,0,0,0,0,0,0,0,0,0,0,1,2,1,0,1,2,0,0,0,0,1,2,0,0,0,2,1,0,0,0,0,0,1,1,0,0,0,2,0,1,0,2,0,0,0,1,1,0,1,2,1,0,0,0,0,0,1,2,0,0,0,0,0,1,0,0,0,0,0,0,1,1,1,0,0,0,0,0,0,0,0,0,0,1,0,0,0,0,1,1,1,1,0,0,3,1,3,1,0,0,1,0,0,1,1,0,1,0,1,0,0,0,1,0,0,0,0,0,0,0,0,1,1,0,0,2,0,0,0,0,1,1,0,0,2,0,2,3,0,1,1,0,0,1,0,1,2,0,0,2,0,0,1,0,2,0,1,0,2,1,1,0,0,0,0,0,0,1,0,1,0,1,2,0,0,0,0,0,0,0,0,0,1,1,0,1,3,0,0,0,1,0,0,0,0,1,0,0,0,0,0,0,1,0,0,0,0,0,1,0,0,0,2,0,0,0,0,0,0,1,0,0,0,1,0,1,1,0,0,1,0,1,0,0,0,1,0,0,0,0,0,0,0,1,0,1,3,1,0,0,3,1,0,0,0,0,0,1,0,2,0,0,0,1,0,0,0,0,0,1,0,1,1,0,0,0,0,1,0,0,0,0,0,0,0,0,1,0,0,0,0,1,0,1,1,0,1,0,0,0,0,0,0,0,0,1,0,0,1,0,1,1,0,1,0,1,0,0,0,2,0,0,1,0,1,0,1,0,0,0,0,0,1,0,0,0,0,1,0
0,1,0,0,0,0,0,0,0,0,0,0,3,1,0,1,0,0,0,0,0,1,0,0,0,0,0,0,0,0,0,0,0,1,1,0,0,0,0,0,0,0,0,0,0,1,0,0,0,0,0,0,0,0,1,0,0,1,0,0,0,0,0,0,0,0,0,0,0,0,0,0,0,0,0,0,0,0,0,1,0,0,0,0,0,1,0,0,0,1,0,1,1,0,0,0,0,0,2,0,0,0,0,0,0,0,0,0,0,0,0,0,0,0,0,0,1,0,0,0,0,0,0,0,0,0,0,1,0,0,0,0,0,0,0,0,1,0,0,0,0,0,0,0,0,0,0,0,0,0,0,0,0,0,1,0,0,0,0,0,0,1,0,0,1,0,1,0,0,0,0,0,0,1,0,0,1,0,0,0,0,0,0,0,2,0,0,0,0,1,0,0,0,0,1,0,1,0,0,0,0,0,0,0,0,0,1,0,0,0,0,0,0,0,0,0,1,0,0,0,0,0,0,1,1,0,0,1,0,0,0,0,0,1,0,0,0,0,0,0,0,0,0,0,0,0,0,0,0,0,0,0,0,2,0,0,1,0,0,1,0,0,0,0,0,0,0,0,0,0,0,0,0,0,0,0,0,0,1,0,0,1,0,1,0,0,0,0,0,0,0,0,0,0,0,0,0,0,0,0,0,0,0,0,1,0,0,0,1,0,1,0,0,1,2,0,0,1,1,0,1,0,0,0,0,0,0,1,0,0,0,0,0,0,0,0,0,0,1,2,0,0,0,1,1,0,0,0,0,1,0,0,0,1,1,0,0,0,0,1,0,0,0,0,0,0,1,1,0,0,0,0,0,0,1,0,0,0,0,0,0,0,0,0,0,0,0,0,0,1,0,0,0,0,0,0,0,0,0,0,0,0,0,0,0,0,0,0,0,0,0,0,0,1,0,0,0,0,0,0,0,0,0,0,0,0,1,0,0,1,0,0,0,0,0,0,0,0,0,0,0,0,0,0,0,0,0,0,1,0,0,0,0,0,0,0,0,0,0,0,0,0,0,0,1,0,1,1,0,1,0,0,0,0,1,0,0,0,0,0,0,0,0,0,0,1,0,0,0,1,0,0,0,0,0,0,0,0,0,0
0,0,0,0,0,0,0,0,0,1,0,0,0,0,0,0,0,0,0,0,1,0,0,0,0,0,0,1,0,0,0,0,0,0,0,0,0,0,0,1,0,0,0,1,0,0,3,0,0,1,0,0,0,0,0,0,0,1,0,0,0,2,0,0,1,0,0,1,0,1,0,0,0,0,0,1,0,0,0,0,0,0,2,0,0,0,0,0,0,0,0,0,1,0,0,1,0,0,0,0,0,0,0,0,1,1,0,0,0,0,0,0,0,0,0,0,0,0,0,0,0,0,0,0,0,0,0,0,1,0,0,0,0,0,1,1,0,0,0,0,0,0,0,0,0,2,0,1,0,0,0,0,0,0,0,0,0,0,0,0,0,0,0,0,0,0,0,0,2,1,0,0,0,0,2,0,2,0,0,0,2,0,0,0,0,0,0,0,1,0,0,1,0,0,0,0,0,0,0,0,0,0,0,0,0,0,1,0,0,0,0,0,0,0,1,0,0,0,1,1,0,0,2,0,0,0,1,0,0,1,0,0,0,0,0,0,0,0,0,1,0,0,0,0,0,1,1,0,0,1,0,0,0,0,0,0,0,0,0,0,1,1,0,0,0,0,0,0,0,0,0,0,0,0,0,0,0,0,1,1,1,0,0,0,0,0,0,1,0,0,0,0,0,0,0,0,1,0,1,0,0,0,0,0,0,0,0,0,1,1,0,0,0,0,0,0,0,0,0,0,0,1,0,0,0,0,0,0,1,0,0,0,0,0,0,0,0,0,0,0,0,0,0,0,0,0,0,0,0,0,0,0,0,1,0,0,0,0,0,0,0,0,1,1,0,0,0,0,1,0,0,0,0,0,0,0,0,0,0,0,0,1,0,0,0,0,0,0,0,0,0,0,0,0,0,0,0,0,0,0,1,0,0,0,0,0,0,0,0,0,0,0,0,0,0,0,0,0,0,0,0,0,0,0,0,0,0,0,1,0,0,0,0,0,0,0,1,0,0,1,0,0,0,0,0,0,1,0,0,1,0,0,0,0,2,0,0,0,0,0,0,0,0,0,0,0,0,2,0,0,0,1,0,0,0,0,1,0,0,0,1,0,0,0,0,1,0,0,0,1,0,0,0,0,0,0,0,0,0,0
0,0,0,0,0,0,0,0,0,0,0,0,0,0,0,0,2,0,0,0,0,0,1,0,1,0,0,0,0,0,0,0,0,0,0,0,0,1,0,2,0,0,0,1,0,1,0,1,1,0,0,1,0,0,0,0,2,0,0,1,0,0,0,0,0,0,0,0,1,0,0,0,1,0,0,0,0,0,0,0,0,0,0,0,0,0,0,1,0,0,0,1,2,0,0,0,0,0,0,0,0,0,0,0,0,1,0,0,0,0,1,0,0,1,0,0,0,0,1,0,0,0,0,0,0,0,0,0,0,0,0,0,1,0,0,0,0,0,0,0,0,0,0,0,0,0,0,0,0,0,0,0,0,0,0,0,0,0,0,0,0,0,0,0,0,0,0,0,0,1,0,0,0,0,0,0,1,0,1,0,0,0,0,0,0,0,0,0,0,0,0,1,0,0,0,0,0,0,0,0,1,0,0,0,0,0,0,0,1,0,0,1,1,0,0,0,0,0,0,0,1,0,0,0,0,0,0,0,0,0,0,0,1,1,0,0,0,0,0,0,0,1,0,0,1,1,0,1,0,1,1,1,0,0,0,1,1,0,1,0,1,0,0,1,0,1,0,0,0,0,0,0,1,1,0,0,0,1,0,1,0,0,0,0,0,0,0,0,1,0,0,1,0,0,0,0,0,1,0,0,0,0,0,0,0,0,0,1,1,0,0,0,0,0,0,0,0,0,0,0,0,0,0,0,0,0,0,0,0,0,1,0,0,0,0,1,0,0,1,0,0,0,0,1,0,0,1,0,1,1,0,0,0,0,0,0,0,0,0,0,0,0,0,0,0,0,0,0,0,0,0,0,0,0,1,0,1,0,0,0,0,0,0,0,1,0,1,0,0,0,0,0,0,0,0,0,0,0,0,0,0,0,1,0,0,0,0,0,1,0,0,0,0,1,0,0,0,0,1,0,0,0,0,0,0,0,1,0,2,0,0,0,0,0,0,0,0,0,2,0,0,0,0,0,0,0,0,0,0,0,0,0,0,0,1,1,0,1,0,0,1,0,0,0,0,0,0,0,0,0,0,1,0,3,1,0,0,0,0,0,0,1,1,0,0,0,1,0,1,0,0,0,0,0,0,0,0,0,0,0
1,0,0,1,1,1,0,2,6,2,1,1,3,1,0,2,1,0,0,1,0,0,1,0,1,0,0,3,0,1,0,0,0,0,2,1,2,1,1,2,0,1,2,1,3,1,2,0,0,0,0,0,5,2,1,1,2,2,1,1,0,3,0,0,1,0,4,1,0,0,0,2,1,0,1,0,0,1,2,1,1,0,3,1,1,1,2,0,0,0,0,1,0,0,0,2,0,1,1,1,0,0,2,1,2,2,0,0,1,2,0,0,2,0,0,1,0,0,0,0,2,1,0,0,2,1,1,2,1,0,0,3,1,2,0,1,1,1,0,0,2,1,1,1,0,3,2,1,0,1,0,0,0,1,0,0,1,1,0,0,0,0,1,0,1,0,1,3,2,0,0,1,1,1,0,1,0,0,2,0,0,1,0,0,0,0,0,0,0,2,0,0,0,1,0,2,0,1,1,1,1,1,1,1,1,0,0,0,1,3,1,2,1,1,2,0,0,2,0,1,0,0,2,0,1,1,0,0,1,0,0,1,0,4,0,1,0,0,0,0,0,0,0,0,0,1,1,1,0,3,0,1,3,0,0,1,1,2,1,0,0,1,0,2,1,0,0,1,1,1,1,2,0,0,0,1,0,3,2,0,2,1,1,4,0,0,0,0,0,1,3,0,1,1,2,3,1,0,4,2,0,1,0,0,0,0,0,1,1,0,0,0,0,1,0,0,1,0,0,1,0,1,1,0,2,0,0,1,1,0,5,1,1,0,1,1,0,0,1,0,0,1,0,0,1,1,1,0,1,2,0,1,0,1,3,1,1,0,3,0,0,0,0,1,0,0,1,0,1,1,3,0,1,1,1,1,0,0,0,1,0,1,0,0,1,1,0,0,0,1,1,0,0,0,0,4,4,0,0,1,2,0,0,0,2,0,0,3,3,0,0,0,1,0,0,1,0,0,0,1,1,1,1,1,1,1,0,1,0,0,2,0,1,1,0,0,1,0,1,3,0,1,0,1,0,1,1,0,0,0,0,2,0,0,1,1,0,0,1,0,1,0,1,3,0,1,0,0,0,0,1,0,2,1,2,0,0,1,0,3,2,1,0,0,0,1,0,2,1,1,0,0,0,3,0,1,2,0,1,1
0,1,0,0,0,1,0,0,0,1,0,0,0,0,0,0,0,0,0,0,0,0,0,0,0,0,0,0,0,0,1,0,0,0,0,1,0,0,0,1,0,0,0,0,0,0,0,1,0,0,0,0,0,0,0,0,0,0,1,0,0,0,1,0,0,0,1,0,0,0,0,0,0,0,0,0,0,0,0,0,1,0,0,1,1,0,0,0,0,1,0,0,0,0,0,0,0,0,0,1,0,0,0,0,0,0,0,0,0,0,0,1,0,0,0,0,0,1,0,0,0,0,0,1,0,0,0,0,0,0,0,0,1,0,0,0,0,0,0,0,0,0,0,0,0,0,0,1,0,0,0,0,0,0,0,0,0,0,0,0,0,0,0,0,0,0,0,0,0,0,0,0,0,1,2,1,1,0,0,0,0,0,0,1,0,0,0,1,0,0,0,0,0,0,1,0,0,0,0,0,0,0,0,0,1,0,0,0,0,0,0,0,1,0,0,0,0,0,0,0,0,0,0,2,0,0,0,0,0,0,0,0,0,0,0,1,0,1,2,0,0,0,0,1,0,0,0,0,0,1,1,0,0,0,0,0,0,0,0,0,0,0,0,0,0,0,0,0,0,0,0,0,0,1,0,0,0,0,0,0,0,0,1,0,0,0,0,0,0,1,0,0,1,0,0,0,0,1,0,0,0,1,0,0,0,0,0,0,0,0,0,0,0,0,0,0,0,0,0,0,1,0,0,0,0,1,0,0,1,0,0,0,1,0,0,1,0,0,0,0,0,0,0,0,0,0,0,0,0,0,0,0,0,0,0,0,0,1,0,0,0,0,0,0,0,0,0,0,1,0,0,0,0,0,1,0,0,2,0,0,0,1,0,0,0,0,0,0,0,0,0,0,1,0,0,0,0,0,0,0,0,1,0,0,0,1,0,0,1,0,0,0,0,0,0,0,0,0,0,0,0,0,0,0,0,0,0,0,0,0,0,0,2,0,0,0,0,1,0,0,0,0,0,0,0,0,0,0,0,0,0,0,0,0,0,0,0,0,0,0,0,0,1,0,0,0,1,0,1,0,0,0,0,0,0,0,0,0,1,0,0,0,1,0,0,0,0,1,0,0,0,0,0,0,0,0,0,0,0,0
0,0,0,0,0,0,1,0,0,1,0,0,2,0,0,0,0,0,0,1,0,0,1,2,1,0,0,0,1,1,0,0,0,0,0,0,0,0,0,0,0,0,0,0,0,1,0,0,0,0,0,1,0,0,0,0,0,0,0,0,0,0,0,0,1,0,1,0,0,0,0,0,0,0,0,0,0,0,0,0,0,0,0,0,0,0,1,0,0,0,0,0,1,0,1,0,0,0,0,0,1,0,0,1,0,0,0,0,0,0,1,0,0,0,0,0,1,0,0,0,0,0,0,0,0,0,0,0,0,0,0,0,1,0,0,0,2,0,0,0,0,0,0,0,0,1,1,0,0,0,0,0,0,0,0,0,0,1,0,0,0,0,1,1,1,0,1,0,0,0,0,0,0,0,1,1,0,0,1,0,0,1,0,0,0,0,0,0,0,0,0,0,0,0,0,0,0,0,0,0,0,0,0,0,2,0,0,0,0,1,1,0,0,0,0,0,0,0,0,0,0,0,0,0,0,1,0,0,0,0,0,0,1,0,1,0,0,0,1,0,0,0,0,0,0,0,0,0,1,0,1,0,0,0,1,3,1,3,0,0,0,0,1,0,1,0,0,2,0,0,0,0,0,1,0,0,0,2,0,0,0,0,0,1,1,1,1,0,0,0,0,0,1,0,0,0,0,0,0,1,0,2,0,0,0,1,1,0,1,0,0,0,0,0,0,0,0,0,0,0,1,0,0,0,0,0,0,0,0,0,0,1,0,0,1,0,0,0,0,0,0,0,0,0,0,0,0,0,1,0,0,0,0,1,1,0,0,0,0,0,0,1,0,0,0,0,0,1,1,0,0,0,0,0,0,0,0,0,0,0,1,0,0,0,0,0,0,0,0,0,0,0,0,2,0,1,0,0,0,0,0,0,0,0,0,0,1,0,0,0,0,0,0,0,0,0,0,0,0,0,0,0,0,0,0,0,0,0,0,1,2,0,0,0,0,0,0,0,1,0,0,0,0,0,0,0,1,1,0,0,0,0,0,0,1,0,0,0,0,1,1,0,0,1,0,0,0,0,1,0,0,1,1,0,0,0,0,1,1,0,0,0,0,1,0,0,0,0,0,0,1,0,1,0,0,0,0,1,0,0
0,1,0,0,1,0,0,0,0,0,0,0,0,0,0,0,0,0,0,0,0,0,0,0,0,0,1,0,0,0,0,0,1,0,1,0,0,0,0,0,1,0,0,0,0,1,0,0,0,1,0,0,1,0,0,0,0,1,0,0,0,1,0,0,0,0,0,1,0,0,0,0,0,0,1,0,0,0,1,0,0,0,0,0,1,0,0,0,0,0,0,0,0,1,0,0,0,0,1,0,0,1,0,1,1,0,0,0,0,0,0,2,0,0,0,0,1,0,0,0,0,0,0,1,1,0,0,0,1,1,0,0,0,0,0,0,0,0,0,0,0,0,0,0,0,0,0,1,0,0,0,0,0,0,0,0,0,0,0,0,0,0,0,1,1,0,1,0,1,0,0,0,0,0,0,0,0,0,0,0,0,1,0,0,0,0,0,0,0,0,0,0,0,0,0,0,0,0,0,0,1,0,0,0,0,0,1,0,0,0,1,0,1,0,0,0,0,0,0,0,0,0,0,0,3,0,0,0,0,0,0,1,0,0,0,0,0,0,0,0,0,0,0,0,1,1,0,1,0,0,0,0,1,0,0,0,0,0,0,0,0,0,0,0,0,1,1,0,0,0,1,0,0,0,0,0,0,0,0,0,1,0,0,0,0,0,0,1,0,1,0,0,0,0,0,0,0,0,0,0,0,1,1,0,0,0,1,0,0,0,0,0,0,0,0,1,0,0,0,1,0,1,0,0,0,0,1,0,1,0,0,0,0,0,0,1,0,0,1,0,0,1,0,0,0,0,0,2,1,1,0,0,0,0,0,0,1,0,1,0,0,0,0,0,0,0,0,0,0,0,0,0,0,0,0,1,0,1,1,1,0,0,0,0,1,0,1,0,1,0,0,0,0,0,0,0,0,0,0,0,0,0,0,0,0,0,1,0,0,0,0,1,0,0,0,0,0,0,0,0,0,0,0,0,0,0,0,0,1,0,0,0,0,0,0,0,1,0,0,0,0,0,0,0,0,0,0,0,0,0,0,0,0,0,0,0,0,1,0,0,0,0,0,0,0,0,0,0,0,0,0,0,0,0,0,0,0,0,0,1,0,0,0,0,0,0,0,0,0,0,0,0,0,1,0,0,3,1,0,0
0,0,0,0,1,0,1,0,0,0,0,0,0,3,0,0,0,0,0,0,0,0,1,0,0,0,0,1,0,0,0,0,0,2,0,0,0,1,0,0,0,0,0,0,0,0,0,0,0,1,0,0,0,0,0,0,0,0,0,0,0,0,1,0,0,0,0,0,0,0,0,0,1,0,0,0,0,0,0,1,0,0,0,0,0,0,0,0,0,1,0,0,0,0,0,0,0,2,0,0,1,1,0,0,0,0,0,0,0,0,0,0,0,0,0,0,0,0,0,0,1,0,0,0,1,0,0,0,0,0,0,0,0,0,0,0,0,0,0,0,0,0,0,0,0,0,0,0,0,0,0,0,0,0,0,0,0,0,0,0,0,0,0,0,0,0,0,0,0,0,0,0,1,1,1,0,0,0,0,0,0,0,0,0,0,0,1,0,0,0,0,0,0,0,0,0,0,0,0,0,1,0,0,0,0,0,0,0,0,0,0,0,0,0,1,0,0,0,0,0,0,0,0,1,0,0,0,0,0,0,0,0,0,0,0,0,0,0,1,1,0,0,0,0,0,0,0,0,0,0,0,0,0,0,0,0,1,0,1,0,0,0,0,0,0,1,0,0,0,0,0,0,1,0,0,0,0,1,0,0,0,0,2,0,0,0,0,0,0,0,0,0,0,1,0,0,0,0,0,0,1,0,0,0,0,0,0,0,0,0,0,0,1,1,0,0,0,0,0,0,0,0,0,0,0,0,0,0,0,0,0,0,0,0,0,0,0,0,0,0,0,0,0,0,0,0,0,0,0,0,1,0,0,1,0,0,0,0,0,0,0,0,0,0,0,0,0,0,1,0,0,0,0,0,2,0,1,0,0,0,2,0,0,0,0,0,0,0,0,1,0,0,0,2,0,1,0,0,0,0,0,0,0,0,0,0,0,0,0,0,0,0,0,0,1,0,0,0,0,0,0,0,0,0,0,0,0,0,0,0,0,0,0,0,0,0,0,0,0,0,0,0,0,0,0,0,0,0,0,1,0,1,0,0,0,0,0,0,0,0,0,0,0,0,0,0,0,0,0,0,0,0,0,0,1,0,0,0,0,0,0,0,0,0,0,0,0,0,0,0,0,0,0,0,0,0,0,0,0,0
0,1,0,0,2,1,1,1,0,0,0,0,0,0,0,0,0,0,0,1,0,0,0,0,0,0,0,0,0,0,1,0,0,0,0,0,0,1,0,1,0,0,0,0,1,0,1,0,0,0,0,0,0,0,1,2,0,0,0,0,1,0,0,0,0,1,1,1,0,0,0,1,0,0,0,0,0,0,0,0,0,0,0,0,0,0,0,0,0,1,0,0,0,0,0,0,0,0,0,0,0,0,0,0,0,0,0,0,0,0,0,0,0,0,0,0,0,0,0,0,0,0,0,0,0,0,0,0,0,0,0,0,1,0,0,0,1,0,1,0,0,0,0,0,0,0,0,1,0,0,1,0,1,0,1,0,0,3,1,0,0,0,0,0,2,0,0,0,0,1,0,2,0,0,0,0,0,0,0,0,0,0,0,0,0,0,1,1,0,0,0,1,0,0,0,2,0,0,0,0,0,0,0,0,2,0,1,2,1,0,0,0,0,1,1,0,1,0,1,0,2,0,0,0,0,1,0,0,0,0,0,0,0,0,0,1,0,0,0,0,0,0,0,1,0,0,0,0,0,0,0,0,0,0,0,0,0,0,1,0,0,0,1,1,0,0,0,0,0,0,0,0,0,0,0,0,1,0,0,0,0,0,0,0,0,0,0,1,0,1,0,0,0,0,0,0,0,0,0,0,0,0,0,0,0,1,0,0,0,0,0,0,0,0,0,0,0,0,0,0,0,1,0,1,0,0,0,0,1,0,0,0,1,0,0,0,0,1,0,1,0,0,0,1,0,1,0,0,0,1,0,0,0,0,0,1,1,0,0,0,0,0,0,0,0,0,0,1,0,0,0,0,1,0,0,0,0,0,0,1,0,0,2,0,0,1,1,0,0,3,0,0,0,0,0,1,0,0,0,0,0,0,0,0,0,0,0,0,0,0,0,0,0,0,0,0,0,0,0,0,0,0,0,0,0,0,0,0,1,0,0,0,0,0,0,0,0,0,0,0,0,0,0,0,0,0,0,0,0,0,0,0,0,0,3,0,0,0,0,0,0,1,0,0,1,0,1,0,0,0,0,0,0,0,0,0,0,1,0,0,0,0,0,0,1,1,0,2,0,0,0,0,0,0,0,0,0,0,0,0
0,0,0,0,0,1,0,3,1,0,0,0,0,0,0,0,0,0,2,0,0,2,1,0,0,0,0,0,1,0,0,0,0,0,0,1,0,0,0,0,1,1,1,1,0,0,0,0,0,3,1,0,0,0,0,0,0,0,0,0,0,0,0,0,2,0,0,0,0,0,0,0,0,0,0,0,0,0,2,4,0,1,0,0,0,0,0,0,0,0,0,0,0,3,0,0,0,0,1,0,0,0,0,0,0,1,0,0,3,0,0,0,1,0,1,0,0,0,0,0,0,0,2,0,1,0,1,0,2,0,0,0,0,0,1,0,0,2,0,0,0,0,0,0,0,0,0,0,0,0,0,0,0,0,0,0,0,1,0,0,0,0,0,0,1,0,0,0,0,0,0,0,0,0,0,0,0,4,0,0,0,0,0,0,0,0,1,0,0,0,0,0,0,0,2,0,0,0,0,0,1,0,0,0,0,2,0,0,0,2,0,0,1,1,0,0,0,1,0,0,0,0,0,0,0,0,0,1,1,3,0,0,0,0,0,0,0,0,0,0,0,1,0,0,0,0,0,0,0,0,0,0,0,0,0,0,0,0,0,0,0,0,0,0,0,0,0,1,0,0,0,0,0,0,0,0,0,3,0,0,0,0,0,0,1,0,0,0,0,0,0,0,0,0,0,0,0,0,0,0,0,0,0,0,1,1,0,0,0,0,1,0,0,0,2,0,0,0,0,0,1,0,0,0,0,0,0,1,0,0,0,0,0,0,0,0,0,0,1,0,0,0,0,0,1,0,0,0,0,0,0,0,1,0,0,0,6,0,0,0,0,0,0,0,0,2,1,1,0,0,0,0,0,0,0,0,0,0,0,1,0,0,0,0,1,0,1,0,1,0,0,1,0,0,0,2,0,0,0,0,2,0,0,1,0,0,0,0,0,0,0,0,0,0,0,0,0,0,0,0,0,0,1,0,0,0,0,0,0,1,0,1,0,1,0,0,1,2,0,0,0,0,1,0,0,0,1,0,0,0,0,0,0,0,0,0,0,0,0,0,0,0,0,0,0,0,0,0,0,0,0,2,0,0,0,0,0,0,0,0,0,0,0,0,0,0,3,1,1,0,0,0,0,0,2,0,1,2,0,0
1,1,0,1,2,3,1,1,1,0,0,0,1,0,2,0,2,1,0,0,1,1,2,0,0,2,1,0,2,0,3,0,0,4,1,1,0,3,2,2,0,0,1,0,0,1,0,0,2,1,0,0,0,2,2,0,1,1,1,0,0,1,0,0,1,1,3,0,0,1,0,0,0,0,0,0,0,0,2,0,2,1,0,0,2,1,3,1,0,2,1,0,1,0,0,0,0,0,0,1,2,1,1,0,1,1,0,0,1,2,3,1,1,1,1,2,1,1,1,0,3,0,1,0,1,1,1,0,2,0,0,1,1,2,0,1,0,0,1,0,0,4,2,1,1,1,1,0,0,0,0,0,3,1,0,0,0,3,0,1,1,0,1,0,1,0,0,1,3,1,0,0,0,1,1,0,1,1,2,0,0,0,1,0,1,0,0,0,0,0,0,3,1,2,0,0,0,2,3,2,1,0,3,1,2,1,1,0,0,2,1,2,1,0,1,0,2,1,2,1,1,1,0,0,2,0,1,0,0,0,0,3,1,1,0,3,0,1,0,0,0,0,1,1,1,0,1,0,0,1,1,1,0,2,3,1,1,1,3,0,0,2,1,2,0,0,1,2,2,0,0,1,2,3,0,0,2,1,0,0,2,0,2,0,2,2,0,0,0,0,1,0,1,0,0,0,0,3,1,0,0,3,0,0,0,0,1,3,0,0,0,0,0,1,0,1,0,0,1,1,2,2,0,1,0,0,2,0,0,2,3,0,0,1,1,0,0,0,0,2,0,0,0,1,1,0,0,0,0,0,0,0,2,0,1,0,1,1,1,0,0,2,1,2,0,0,1,2,2,1,0,0,0,1,0,0,0,1,0,1,0,1,1,0,0,2,0,1,1,1,0,1,2,1,1,0,1,0,1,0,0,0,1,0,1,1,3,1,0,1,1,1,0,1,0,2,0,2,0,3,0,0,1,0,1,1,1,0,1,0,0,0,0,1,0,2,0,2,0,0,2,0,0,1,0,0,0,2,1,1,2,1,1,0,0,1,0,1,1,0,0,2,2,1,0,1,0,1,1,0,0,1,0,0,9,0,1,3,1,1,2,1,1,1,2,3,1,0,2,3,1,0,0,1,0,0,1,0,3,2
0,2,0,0,1,0,3,2,0,0,0,0,1,1,0,1,2,0,0,0,1,0,0,0,0,0,0,1,0,0,1,0,0,0,2,0,0,0,0,1,0,0,1,1,0,1,0,0,0,2,1,2,0,0,0,0,0,0,0,0,0,0,1,0,0,0,1,2,0,1,1,0,0,1,0,1,0,2,0,0,0,0,2,2,0,0,0,0,0,2,0,1,1,0,0,0,2,0,1,0,1,1,2,1,0,0,0,0,0,1,0,0,0,1,0,1,0,0,0,1,1,0,0,0,0,1,0,0,0,0,1,0,2,0,1,0,0,2,1,0,0,0,0,0,1,0,1,0,0,0,0,0,2,0,0,0,1,0,0,0,2,0,0,0,0,0,0,0,2,0,0,0,0,0,1,1,0,0,0,0,0,3,0,0,0,0,1,0,0,0,0,0,0,0,2,0,0,0,2,0,0,0,0,0,1,0,1,0,0,0,0,1,1,0,0,0,0,0,0,0,2,0,1,0,1,0,0,1,0,1,0,0,0,1,0,0,0,0,0,0,0,0,0,3,0,0,0,0,0,0,0,0,0,0,0,0,0,0,0,1,1,2,1,2,1,0,0,0,0,0,0,0,0,0,0,0,0,1,1,0,0,0,1,0,0,0,0,0,0,0,0,0,0,0,1,1,0,1,1,1,0,1,0,0,0,1,1,1,0,0,2,2,0,1,0,0,0,0,0,1,3,0,0,1,0,0,0,1,0,0,0,0,0,0,0,0,0,0,0,0,0,0,0,0,0,1,0,1,0,0,0,0,0,0,0,0,1,0,0,0,0,0,2,0,0,0,0,0,1,0,1,0,0,1,3,1,0,0,0,0,1,0,0,0,0,0,0,0,0,0,1,0,0,1,0,0,0,0,2,1,0,0,0,0,0,0,1,0,0,0,0,2,0,1,0,0,0,0,0,0,0,1,0,0,0,0,1,0,0,0,0,0,0,1,0,1,0,0,0,0,1,3,0,0,0,0,2,0,0,0,0,0,0,0,0,1,0,0,1,0,1,0,1,0,0,0,0,0,0,0,0,1,2,1,5,0,1,0,1,0,1,0,1,1,0,1,0,0,1,1,0,0,1,2,0,0,2,0,0,0
0,0,0,0,0,0,0,0,0,0,0,0,0,0,0,0,0,0,0,1,0,0,0,0,0,0,0,2,0,1,0,0,0,0,0,0,0,2,0,0,0,0,0,0,0,0,0,0,0,0,0,0,0,0,0,0,0,1,0,0,0,0,0,0,0,0,0,0,0,0,0,0,0,0,0,0,0,0,0,0,1,1,0,0,0,0,0,0,0,0,1,0,0,0,0,0,0,0,0,0,0,0,0,0,0,1,0,0,0,1,0,0,1,0,0,0,0,0,0,0,1,0,0,0,0,0,0,1,0,0,1,0,1,0,0,0,0,0,0,0,0,0,0,2,0,0,0,0,0,0,0,0,0,0,0,0,0,0,0,0,0,0,0,0,0,0,0,0,0,0,0,0,0,0,0,0,0,0,0,0,0,1,1,0,0,0,1,0,0,0,0,0,1,0,0,0,0,0,0,0,0,0,0,0,0,0,0,0,0,0,0,0,0,0,0,0,1,0,0,0,0,0,0,0,0,1,0,0,0,0,1,0,0,0,0,0,0,0,0,0,0,0,0,1,0,0,0,0,0,0,0,1,0,0,0,2,0,0,0,0,0,1,0,1,0,0,0,1,0,0,1,0,0,1,0,0,0,0,0,0,0,0,1,0,0,0,0,0,0,0,0,0,0,1,0,0,0,0,0,0,0,0,0,0,0,0,0,0,0,2,1,0,0,0,0,0,0,0,0,0,0,1,0,0,0,0,0,1,0,0,0,0,0,0,0,0,0,0,1,1,0,0,0,0,0,0,0,0,0,0,0,0,0,0,0,0,0,0,1,0,0,0,1,1,0,0,0,0,0,0,0,0,0,0,0,0,0,0,0,0,1,0,0,0,0,0,0,0,0,0,0,0,1,0,0,0,1,0,0,1,0,0,1,0,0,0,0,0,0,0,0,0,0,0,0,0,0,0,2,0,0,0,0,0,0,0,0,0,0,0,0,0,0,0,0,2,1,1,0,0,0,0,0,0,0,0,1,1,0,0,0,0,1,0,0,0,0,0,0,0,0,0,0,0,0,0,0,0,1,0,0,0,0,0,1,0,0,1,0,0,0,0,0,0,0,0,0,0,0,1,0,0,0,0,1,1,0,0,1,0
1,0,1,0,0,0,1,0,1,0,0,0,0,1,1,0,1,0,0,0,0,0,0,0,0,0,0,2,1,0,1,0,1,1,0,0,0,0,1,1,0,0,1,1,0,0,1,0,1,0,0,0,0,0,0,0,0,2,0,0,0,0,0,0,1,0,1,0,0,0,0,0,0,0,0,0,0,0,0,0,0,0,1,0,1,0,0,0,0,2,0,0,0,0,0,0,0,0,1,0,0,1,0,0,0,1,0,0,0,1,0,0,0,0,1,0,0,0,1,0,0,0,0,0,0,1,0,0,0,0,0,0,0,0,0,0,0,0,0,0,0,0,0,0,0,0,1,0,0,0,0,0,0,0,0,0,0,1,0,0,0,0,1,1,0,0,2,0,0,1,0,0,0,0,0,0,0,1,1,0,0,0,0,0,0,0,1,0,0,0,0,0,1,0,1,0,0,0,0,2,0,0,0,1,1,0,0,0,0,0,0,1,0,0,0,0,0,0,0,0,1,0,1,0,0,0,0,0,2,0,0,0,0,0,0,1,0,0,0,0,0,0,0,0,0,0,0,0,0,0,0,2,0,0,0,1,0,0,0,0,0,0,1,0,1,0,1,1,0,0,0,0,0,0,1,1,0,1,0,0,1,0,0,0,0,1,0,0,0,0,0,0,0,0,0,1,0,0,2,0,0,0,0,0,0,0,0,0,0,0,0,0,0,0,0,1,0,0,0,0,0,0,0,0,0,0,0,0,0,1,0,0,0,0,0,0,0,0,0,0,1,0,0,0,0,0,0,0,0,0,0,0,0,0,0,0,0,0,1,0,0,0,0,1,0,0,0,1,0,0,0,0,0,1,0,0,0,0,0,0,1,1,0,0,2,0,0,1,0,0,0,0,1,1,0,0,0,0,0,0,2,1,0,0,0,0,0,0,1,0,0,1,0,0,1,1,0,1,0,0,0,0,1,0,0,0,0,0,1,0,0,0,1,1,0,0,0,0,0,0,0,0,1,1,0,0,0,0,0,0,1,0,0,0,1,0,1,0,0,2,0,0,0,0,1,0,1,1,0,0,0,0,0,0,0,0,1,0,0,0,0,0,0,0,0,0,0,0,1,1,0,0,0,1,0,1,1,0,1,1
0,0,0,0,1,0,0,0,0,1,0,0,1,1,0,1,2,0,0,1,0,0,0,0,0,0,0,0,0,0,1,0,1,0,0,0,0,0,0,1,1,0,0,2,0,0,0,1,0,0,0,0,0,0,1,0,0,0,1,0,0,1,0,1,0,0,1,0,0,1,0,0,0,0,0,0,0,0,3,0,0,0,1,0,0,0,0,1,0,1,0,0,0,0,2,0,0,0,1,0,1,0,0,0,0,1,1,0,0,2,0,0,1,0,0,0,0,0,0,0,0,0,0,0,0,0,1,0,0,0,0,1,0,0,0,0,1,0,1,0,0,0,0,0,1,0,0,0,0,2,0,0,0,0,0,0,1,0,0,0,0,0,1,2,0,1,0,0,0,1,0,0,0,0,0,0,0,1,0,0,1,0,0,0,2,0,3,0,0,0,0,0,0,0,0,0,0,0,0,0,0,0,0,0,0,0,0,0,0,0,1,0,0,0,0,0,0,0,0,1,1,0,0,0,0,0,0,0,0,0,0,1,0,1,0,1,0,0,0,1,0,0,0,0,0,1,1,1,0,1,1,0,0,0,0,0,1,0,1,0,0,0,0,0,0,1,0,1,0,0,0,0,0,0,0,1,0,0,1,1,0,0,0,0,0,0,0,0,0,0,0,0,0,1,0,1,0,1,0,1,0,0,0,0,0,0,0,1,0,0,0,1,0,1,0,0,0,0,0,2,0,1,0,0,1,1,0,0,1,0,1,2,0,0,1,1,0,0,0,2,1,0,0,0,1,0,1,0,0,0,0,0,0,0,0,1,0,0,0,0,0,0,0,0,0,0,0,0,0,0,0,0,0,0,1,1,0,0,0,0,0,0,0,0,0,0,0,0,0,0,0,0,0,1,1,0,0,0,0,0,1,0,0,0,0,0,0,0,0,0,0,0,0,0,1,0,0,2,0,0,0,0,0,0,0,0,1,0,0,0,0,0,0,0,0,0,0,1,1,0,0,0,0,0,0,0,0,3,0,1,0,0,0,0,1,0,0,0,0,0,0,0,1,0,0,1,0,0,1,0,0,0,0,0,2,0,0,0,0,1,1,1,0,1,0,0,0,1,0,0,0,0,0,0,0,1,1,0,1,0
0,1,0,0,1,0,2,1,0,0,1,0,0,1,0,0,1,0,1,1,2,0,0,0,0,0,0,2,1,0,0,0,0,0,1,0,0,0,0,0,0,0,0,0,0,0,2,1,2,1,0,1,0,0,0,1,0,0,0,0,0,0,0,0,0,0,0,1,0,1,0,0,0,0,0,0,0,0,1,0,0,0,0,0,0,0,0,0,0,0,0,0,0,0,0,0,0,0,0,0,0,1,0,0,0,1,0,0,0,0,0,0,1,0,0,1,1,0,1,1,2,0,0,0,0,0,0,0,0,0,0,0,0,0,0,0,0,0,0,0,0,0,1,2,0,0,3,0,0,0,0,0,0,0,0,0,0,0,0,0,0,0,0,0,0,1,0,0,0,0,0,0,0,1,0,0,2,0,1,0,1,0,2,0,0,0,1,0,0,0,0,0,1,0,0,0,0,0,0,0,0,0,0,1,2,0,0,0,0,1,0,1,1,0,1,0,0,0,0,1,1,0,0,0,0,0,1,0,1,0,1,0,0,0,0,0,0,0,0,0,0,0,0,1,1,0,0,1,0,0,0,0,0,0,0,0,0,0,0,0,0,0,0,0,0,0,0,2,0,0,0,0,0,0,0,0,0,0,0,1,1,0,0,0,0,0,0,1,0,0,0,0,0,0,0,0,0,0,0,0,0,0,0,0,0,0,0,0,0,0,0,0,0,0,2,0,0,0,0,0,0,0,0,0,0,0,0,0,0,0,0,0,0,0,0,0,0,0,0,0,0,0,0,0,0,0,1,0,0,0,0,0,0,0,0,0,1,0,0,0,0,0,0,0,0,0,0,3,1,0,0,0,1,0,1,0,0,0,0,0,0,0,0,0,0,0,0,0,0,1,1,0,1,0,0,0,0,0,0,0,0,0,0,0,0,0,0,0,0,0,0,0,0,1,0,1,1,1,0,0,0,0,0,0,0,1,2,0,0,0,1,0,0,0,0,0,0,0,0,0,0,0,0,0,0,0,0,0,0,0,0,0,0,0,1,0,0,1,0,0,0,1,0,1,0,0,0,0,0,0,1,0,0,0,0,0,0,0,0,0,0,0,0,1,0,0,0,0,0,0,0,0,0,1,0,0,0,0,0,2
0,0,1,0,0,0,2,1,0,1,0,0,6,2,0,1,0,0,0,0,0,0,0,1,1,0,0,1,1,0,0,0,0,1,1,0,0,2,1,3,0,0,0,1,1,0,0,0,1,1,0,1,0,0,3,1,0,0,1,0,0,0,0,0,0,1,2,3,0,1,1,0,0,0,0,2,1,0,0,0,1,0,3,0,0,0,0,2,0,1,0,0,1,1,0,0,0,1,0,0,0,0,1,1,0,1,0,0,0,0,3,0,0,0,0,0,0,1,1,0,0,0,0,0,0,0,0,0,0,0,0,0,1,1,0,1,0,0,0,0,1,0,0,0,0,0,0,0,0,0,0,0,0,0,0,0,0,0,0,1,1,0,0,2,0,0,0,1,2,1,2,0,0,1,0,0,0,0,0,0,1,0,0,0,0,0,0,0,0,0,0,0,0,0,0,1,0,0,1,0,0,0,0,0,1,0,0,0,0,1,0,1,1,0,0,0,0,0,1,1,1,0,0,1,0,1,1,0,0,0,0,0,0,0,0,0,0,0,0,2,0,0,0,3,1,0,1,0,0,0,0,1,1,1,0,1,2,0,0,0,1,0,1,0,1,0,0,0,0,2,0,0,0,0,1,0,0,1,0,0,0,0,0,0,0,0,1,0,0,0,0,0,0,0,1,0,0,0,1,0,0,0,0,0,1,0,0,0,0,0,0,1,0,2,1,1,0,1,0,1,0,0,1,0,1,0,1,1,2,0,1,0,0,1,0,0,0,0,0,1,0,0,0,0,0,0,0,1,1,1,0,0,0,0,0,1,0,0,1,0,0,1,0,0,2,0,1,0,0,1,0,0,0,0,1,1,2,0,0,0,0,0,0,0,1,1,1,1,1,0,0,0,1,3,0,0,0,0,1,0,0,0,0,0,0,0,1,1,0,0,0,1,1,0,0,0,0,2,0,0,0,0,1,0,0,0,1,0,0,0,0,0,0,0,0,1,0,0,0,0,0,0,0,0,0,1,0,0,1,1,0,0,0,0,2,4,0,0,0,0,0,0,1,0,0,0,0,0,0,1,0,0,0,0,1,0,0,0,0,1,1,0,0,0,0,0,1,0,0,0,0,0,0,0,0,1,1,1,1,0
0,0,0,0,0,0,0,0,0,1,0,0,0,1,0,0,0,0,0,0,0,0,0,0,0,0,0,0,0,0,0,0,0,1,0,0,0,0,0,1,0,0,1,0,0,0,0,0,1,0,1,0,0,0,0,0,1,0,0,0,0,1,0,0,0,0,0,1,0,0,0,0,0,0,0,0,0,0,0,0,0,0,0,0,0,0,0,1,0,2,0,1,0,0,0,0,0,0,0,0,0,1,0,0,0,0,0,0,0,0,0,0,0,0,0,0,0,0,0,0,0,0,0,0,0,1,0,0,0,0,0,0,0,0,0,0,0,0,0,0,0,1,0,0,0,0,0,0,0,0,0,0,0,0,0,0,0,0,0,0,1,0,0,0,0,0,1,0,0,0,0,0,1,1,0,0,0,0,2,0,0,0,1,0,0,0,1,1,0,0,0,0,0,1,0,0,0,0,0,0,0,0,0,0,0,0,0,1,0,1,0,1,0,1,0,0,0,0,0,0,0,0,1,1,0,0,0,0,0,0,0,0,0,2,0,0,0,0,0,0,0,0,0,0,0,0,0,0,0,0,0,1,0,0,0,1,1,0,0,0,0,0,0,1,0,0,0,0,0,0,1,0,0,1,0,0,0,0,0,0,0,0,0,0,0,0,0,0,0,0,0,0,0,0,0,0,1,0,1,1,2,0,0,0,0,0,0,1,0,0,0,0,0,0,0,1,0,0,0,0,0,0,0,0,0,0,0,0,0,0,0,0,1,0,0,0,0,0,0,0,0,0,0,0,0,0,0,0,0,0,0,1,1,0,0,2,0,0,0,0,0,0,0,0,0,0,0,0,0,0,0,0,0,0,0,0,0,0,0,0,0,0,0,0,0,0,1,1,0,0,0,0,0,1,0,1,0,0,0,0,0,0,0,0,0,0,0,0,0,0,0,1,0,0,0,0,0,0,0,0,0,1,0,0,0,0,1,0,0,0,1,0,0,0,0,0,0,0,0,0,0,0,0,0,1,0,0,0,0,1,1,2,1,0,0,0,0,0,1,0,0,0,0,0,0,0,0,0,0,1,0,0,0,0,0,0,0,0,0,0,0,0,0,0,0,0,0,0,0,0,0,0,0,0,0,0,0,0,0,1
0,0,1,0,0,0,0,0,0,0,1,0,0,4,5,0,0,0,0,3,1,0,0,0,2,0,0,0,1,0,0,0,0,1,0,2,0,0,1,0,0,0,2,2,1,2,1,0,0,1,0,0,2,0,1,2,0,1,1,0,0,0,0,0,0,0,0,0,1,0,0,0,1,0,1,3,1,1,1,0,0,0,0,0,0,0,0,0,0,1,0,0,2,1,0,0,1,0,0,0,0,0,0,1,2,2,0,0,0,1,1,0,1,0,2,0,1,0,0,0,1,0,0,2,3,1,2,1,1,0,0,0,1,0,0,0,1,0,1,0,0,0,0,0,0,1,1,0,1,0,0,0,0,0,0,0,0,4,0,1,0,0,0,1,0,0,0,0,0,0,1,1,0,1,1,0,0,0,1,0,2,1,1,0,0,1,0,0,0,0,0,4,0,2,0,0,0,2,0,1,0,0,0,0,3,0,0,2,0,3,1,1,0,0,1,0,0,1,1,1,1,0,0,0,1,2,0,2,0,0,1,0,0,0,1,0,0,0,1,0,0,0,1,1,0,0,1,0,0,2,0,1,1,1,1,0,0,0,0,1,3,0,0,0,1,1,0,3,0,0,0,0,1,1,1,3,2,2,0,0,4,2,0,0,0,0,0,0,0,0,1,0,1,0,0,0,1,2,0,2,0,0,0,0,1,1,0,0,1,2,0,0,0,3,0,0,0,0,0,1,0,0,0,1,0,0,1,0,2,0,0,0,0,0,3,1,0,0,1,1,0,0,0,2,0,0,2,1,1,0,0,0,0,0,0,1,1,0,0,1,0,1,1,2,0,0,0,1,0,0,0,0,0,2,0,0,0,0,2,2,0,1,1,0,2,1,0,1,1,1,0,0,3,0,0,0,0,0,0,0,0,0,1,0,0,0,1,0,0,2,1,1,0,0,0,0,0,0,0,0,0,0,0,0,0,2,1,0,0,1,3,0,0,0,0,0,0,0,1,0,0,1,0,1,0,2,0,0,0,0,3,0,0,2,2,0,0,2,0,0,0,0,1,0,0,0,1,0,1,0,0,1,0,1,2,0,0,0,0,0,1,0,0,0,0,0,0,0,1,0,0,0,0,1,0,0,2,2,1,0
2,1,1,1,0,1,1,5,3,2,2,0,1,2,1,2,0,1,0,1,2,0,0,1,2,4,0,6,0,0,2,0,0,5,0,3,1,3,1,4,0,0,1,2,4,0,1,0,2,2,0,3,4,1,3,2,2,2,1,3,1,2,1,1,0,3,3,6,0,2,0,0,1,4,1,1,1,1,3,0,2,0,4,1,1,0,1,3,0,2,2,2,2,1,0,0,3,2,1,1,0,1,0,1,2,2,0,0,0,5,6,2,2,0,2,0,1,0,0,2,0,1,0,2,0,0,1,2,1,0,1,2,1,1,0,2,0,2,2,0,1,2,3,0,2,4,2,3,1,0,0,0,0,0,1,0,0,7,0,2,0,0,2,2,0,0,4,3,2,1,1,0,0,1,5,1,1,1,4,0,3,0,1,0,2,0,2,0,0,3,1,2,0,2,3,0,0,1,3,1,1,1,1,0,2,0,4,0,0,2,4,1,0,2,0,0,1,1,1,3,1,1,2,1,1,3,1,1,2,0,0,5,3,1,0,1,0,0,3,0,0,0,0,4,0,0,0,3,1,2,2,3,6,2,2,3,6,3,2,0,1,0,0,0,2,3,1,0,0,3,0,0,1,1,0,0,1,6,4,2,2,0,1,1,2,1,2,0,0,3,3,1,1,1,2,1,0,1,2,0,1,1,2,0,2,0,1,2,1,1,3,2,1,1,4,4,0,2,0,1,1,0,2,5,2,1,2,4,2,2,4,2,0,0,0,2,0,0,0,4,0,1,1,2,1,1,0,1,0,2,0,4,0,1,2,2,1,0,2,1,1,1,3,4,1,1,4,3,0,4,4,0,0,6,4,3,1,1,0,1,4,2,2,0,1,0,1,1,1,2,4,0,1,4,0,3,1,0,0,1,0,0,0,0,2,1,7,3,4,0,1,1,4,1,0,3,2,1,0,1,0,3,0,0,0,3,0,0,2,1,1,0,1,4,0,0,0,1,2,0,0,3,1,2,1,3,3,1,0,1,1,1,1,1,2,0,0,1,1,1,0,1,4,0,3,8,3,2,2,0,0,1,2,0,6,1,2,2,2,9,0,2,2,0,1,5,1,2,4,2,1,0,0,0,0,1,1,1,2,4
0,0,1,0,0,0,0,2,1,1,0,0,1,0,0,0,0,0,0,0,0,0,2,0,0,0,1,1,1,0,0,0,0,2,0,0,0,0,0,0,0,1,0,0,0,1,1,0,0,2,0,3,0,0,0,0,1,0,0,0,0,0,0,0,0,0,0,0,0,0,0,0,0,0,0,0,1,0,1,0,0,0,0,0,0,0,0,0,0,0,0,0,0,1,0,0,0,0,0,0,2,0,0,1,0,0,0,0,0,0,0,2,0,0,0,0,0,0,1,0,0,0,0,0,0,0,0,0,0,0,0,0,1,0,0,0,0,0,0,0,0,0,0,1,0,0,0,0,0,0,0,0,0,1,0,0,0,0,0,0,0,1,1,0,0,0,1,0,0,2,0,0,0,2,1,0,1,0,2,0,0,1,0,1,1,1,0,1,1,0,0,0,0,0,0,0,0,0,0,0,1,0,0,0,1,0,0,0,0,0,0,0,0,1,0,0,0,0,0,0,0,0,0,1,0,0,0,1,1,0,1,0,1,1,0,0,0,1,2,0,0,0,0,0,0,1,0,0,0,0,0,0,1,0,1,0,2,0,1,0,0,1,2,1,0,1,1,0,0,0,0,0,0,0,0,0,0,0,0,1,0,2,0,0,0,0,0,0,0,0,0,0,0,0,0,0,0,0,3,2,0,0,0,0,0,1,1,0,0,0,1,0,0,0,0,0,0,0,0,0,0,1,0,0,1,1,0,0,0,0,0,0,0,0,0,0,0,0,0,1,0,0,0,0,0,0,0,0,0,2,0,0,1,0,1,0,0,1,0,0,0,0,1,1,0,0,0,0,0,0,1,0,0,0,0,1,0,0,1,0,1,0,0,1,0,0,0,1,0,0,0,0,0,1,0,0,0,0,1,0,0,0,0,0,0,0,0,0,1,1,0,0,0,0,0,1,0,0,0,0,0,0,1,1,0,0,0,0,0,2,1,0,0,0,0,0,1,0,0,1,0,2,0,0,0,0,0,0,0,1,0,0,0,0,1,0,0,0,0,0,0,0,0,0,2,1,0,0,0,0,0,0,1,1,1,0,0,0,0,0,0,0,0,1,0,1,1,1,2,0,0,0,1,1,0,0,2,1,0,1
0,1,0,0,0,0,0,0,1,0,0,0,0,1,0,0,0,0,0,0,0,0,0,0,0,0,0,0,0,0,0,0,0,0,0,0,0,1,0,0,0,0,0,0,0,0,1,1,0,3,0,1,0,0,0,0,0,0,1,0,0,0,0,0,0,0,0,0,0,0,1,0,0,0,0,0,1,1,0,0,1,0,1,0,0,1,1,0,0,0,0,0,0,0,1,0,0,0,0,1,0,1,0,1,0,0,0,0,0,0,1,0,0,0,0,0,0,0,1,0,0,0,1,1,0,0,0,0,0,0,0,0,0,0,0,1,0,0,0,0,0,0,1,1,0,0,1,0,0,0,0,0,0,0,0,0,0,0,0,0,0,0,0,0,0,0,1,0,0,0,0,0,0,1,0,2,0,1,0,0,1,0,0,0,0,0,0,0,0,0,0,0,0,0,0,0,0,0,0,0,0,0,0,0,0,0,0,0,0,0,0,0,0,0,0,0,0,0,0,0,1,0,0,0,1,0,0,0,0,0,0,0,0,0,0,0,0,1,0,0,0,0,0,1,0,0,0,0,0,2,0,0,0,0,1,0,1,0,0,0,0,0,0,0,1,0,0,0,0,0,0,0,0,1,0,1,0,0,0,0,0,1,0,0,0,0,0,0,0,0,0,0,0,0,0,0,0,0,0,0,0,0,0,0,1,0,0,0,0,0,1,0,0,0,0,0,0,0,1,2,1,1,0,1,1,0,0,0,1,0,0,0,0,0,0,0,0,0,0,1,1,0,0,0,1,0,0,0,0,0,0,0,0,0,0,1,1,0,1,0,0,0,0,0,0,0,1,0,0,0,0,0,0,0,0,0,0,0,1,0,0,0,0,0,0,0,1,0,0,1,0,0,0,0,0,1,0,0,0,0,0,1,0,0,0,0,0,0,0,0,0,0,0,0,0,1,0,0,0,0,0,0,0,0,0,0,0,0,0,0,0,0,0,0,1,0,0,0,0,0,1,0,0,0,0,0,0,0,0,0,0,0,0,0,0,0,0,0,0,0,0,0,0,0,0,0,0,0,0,0,0,0,0,0,0,0,0,0,0,0,0,0,0,0,0,0,1,0,0,1,0,0,0,0,0,0,2,0,1,0
1,0,2,0,4,1,0,3,1,3,1,0,1,3,0,2,2,1,1,2,0,0,1,2,1,1,2,0,3,0,1,0,0,1,1,0,1,3,0,3,0,1,0,1,0,0,2,0,0,1,1,0,1,0,1,0,0,1,0,0,0,2,2,0,1,2,2,0,1,4,0,0,0,2,0,0,0,0,1,0,0,0,0,2,0,0,0,1,0,0,0,1,0,2,2,2,0,0,0,0,0,0,0,1,2,0,1,0,0,0,1,0,1,1,1,0,1,0,0,0,0,0,0,0,2,0,1,0,0,3,0,1,1,0,0,2,0,0,0,0,3,0,2,0,1,3,1,1,0,1,0,0,1,1,1,0,0,0,0,0,0,0,1,2,1,0,1,0,1,1,2,1,1,1,4,2,0,0,1,0,1,1,3,1,2,0,0,1,1,0,0,1,0,0,1,3,0,0,2,2,0,1,0,2,1,0,1,0,1,1,3,0,1,1,0,0,0,0,1,0,0,0,1,1,1,0,1,0,0,0,0,2,0,2,0,3,0,0,1,0,0,0,0,5,2,1,0,1,0,1,0,1,3,0,1,5,1,2,1,0,1,2,1,2,0,0,1,4,1,0,2,2,1,3,0,0,0,1,1,0,4,0,1,3,0,2,0,0,1,0,2,0,0,2,0,2,0,2,0,0,0,0,0,0,0,1,0,1,0,0,0,2,3,0,1,0,0,1,0,1,4,0,1,0,1,0,0,0,1,0,1,3,0,2,1,0,0,0,0,0,0,0,0,1,3,0,0,1,0,0,0,2,1,2,0,2,2,2,1,0,0,0,1,2,0,0,1,0,3,1,3,0,0,0,1,3,2,0,0,2,2,0,0,0,0,0,0,3,3,0,0,0,0,1,1,1,1,1,0,0,0,0,1,1,0,0,4,1,1,0,0,1,1,1,0,2,0,2,0,0,0,1,0,0,1,0,1,0,1,0,2,1,1,0,0,0,1,2,0,1,1,0,0,0,0,1,1,2,1,0,0,0,0,0,3,1,2,0,1,0,0,1,1,1,2,0,1,0,2,0,1,0,1,1,2,0,5,3,0,2,1,1,1,3,0,0,1,0,1,2,1,0,0,2,0,0,3,1,1,1
1,0,0,0,1,2,0,0,1,0,0,0,0,1,0,0,0,0,0,0,0,0,0,2,0,1,0,0,0,0,0,0,0,0,0,0,1,0,1,0,0,0,0,0,1,0,1,0,0,0,1,0,0,0,0,0,1,0,0,0,1,0,0,0,0,1,1,2,0,0,0,0,0,0,0,0,0,0,1,0,1,0,0,0,0,0,0,0,0,0,1,0,0,0,1,0,0,0,1,1,1,0,1,0,0,1,0,0,0,1,1,1,0,0,0,0,0,0,0,0,0,0,0,1,0,0,2,0,0,0,0,1,0,0,0,1,0,0,0,0,1,0,0,0,0,4,0,1,0,0,0,0,0,0,0,0,0,0,1,0,0,0,0,0,0,1,0,0,0,0,0,0,0,1,0,0,0,0,1,0,0,0,1,0,0,0,0,1,0,0,0,1,0,0,0,0,0,1,0,0,1,0,0,1,0,0,1,0,0,2,1,0,0,0,0,0,0,0,0,0,0,0,1,0,0,0,0,0,0,0,0,1,0,0,0,0,0,0,0,0,0,0,0,0,0,0,0,0,0,0,2,0,2,0,0,0,0,0,0,0,0,0,0,0,0,1,0,0,0,0,0,1,0,0,0,0,0,2,0,0,0,0,0,2,0,0,0,0,0,0,1,0,0,0,0,0,0,0,0,0,0,0,0,0,0,0,0,0,0,0,1,1,0,0,0,0,0,0,1,1,1,0,0,1,0,0,0,1,0,0,0,0,1,0,1,0,0,0,0,0,1,1,0,1,0,0,0,0,0,0,0,0,1,0,0,0,1,0,2,0,0,0,0,0,0,0,0,0,0,0,0,0,1,0,0,0,0,0,0,0,2,0,0,0,0,0,0,0,1,0,0,0,0,0,0,1,0,1,0,0,0,0,0,0,0,0,0,1,0,0,0,0,0,0,0,1,0,0,1,0,0,0,0,0,0,0,0,0,0,0,0,0,2,0,0,0,0,0,0,0,0,0,0,0,0,0,0,1,0,0,0,0,0,0,1,1,0,0,0,0,0,0,0,0,0,1,1,0,0,0,0,0,0,1,1,0,1,1,0,1,0,0,0,0,0,0,1,0,1,0,0,0,0,0,0,0,0,0,0,0
0,0,0,1,0,0,0,0,0,0,0,0,0,0,0,0,0,0,0,0,0,0,0,0,0,0,0,0,0,0,0,0,0,0,1,0,1,0,0,0,0,1,0,0,1,0,0,0,0,0,1,0,0,0,0,0,0,0,0,0,0,0,1,0,0,1,0,1,0,0,0,0,1,0,0,0,0,0,1,0,0,0,0,0,0,0,0,0,0,1,0,0,0,0,0,0,1,0,0,0,0,0,0,1,1,0,0,0,0,0,0,0,0,0,0,0,0,0,0,0,0,0,0,1,0,0,0,0,0,0,0,0,0,0,1,0,1,0,0,0,0,0,0,0,1,0,0,0,0,0,0,0,0,1,0,0,0,0,0,0,0,0,0,0,0,0,0,0,0,0,0,0,0,0,0,0,0,0,1,0,0,0,0,0,0,1,0,0,0,1,1,0,0,0,0,0,0,1,0,1,0,0,0,0,0,0,0,0,0,1,0,0,0,0,0,0,0,0,0,0,0,0,0,1,0,1,0,0,0,0,0,0,0,0,0,0,0,0,0,0,0,0,0,0,0,0,0,0,0,0,0,0,0,0,0,0,0,0,0,1,1,0,0,0,0,0,0,0,0,0,1,0,0,0,0,0,0,0,0,0,0,0,0,0,0,0,0,0,0,0,0,0,2,0,0,1,1,0,0,0,1,1,0,0,0,0,0,1,0,0,0,0,0,1,0,1,0,0,0,0,0,1,0,1,0,0,0,0,1,0,0,0,0,0,1,0,0,0,0,1,0,0,0,0,0,0,0,1,0,1,0,0,0,0,0,0,0,0,0,0,0,0,0,0,0,0,0,0,0,0,0,0,0,0,0,0,0,0,0,0,0,0,0,0,0,0,0,0,0,0,0,0,1,0,0,0,0,0,0,0,0,1,0,0,1,0,0,2,0,0,0,0,0,1,0,1,0,0,0,0,0,0,0,0,0,0,0,0,0,0,0,0,0,0,0,0,0,0,0,0,0,0,0,0,0,0,0,0,0,0,0,0,0,1,0,0,0,0,0,1,0,0,1,0,0,0,0,0,0,0,0,0,0,0,0,0,0,0,0,1,0,0,0,0,0,0,0,0,0,0,0,0,0,0,0,0,0,0,0,0
0,0,0,0,0,0,0,0,0,0,0,0,0,1,1,0,1,0,0,0,0,0,0,1,0,1,0,0,0,0,0,0,0,0,0,0,1,0,0,0,1,0,0,2,0,0,0,0,0,0,0,0,0,0,0,0,0,1,0,0,0,0,0,0,0,0,0,0,0,0,0,0,0,0,0,0,0,0,0,0,0,0,1,0,0,0,0,0,0,0,0,0,0,0,0,0,0,0,0,0,0,1,0,0,0,0,0,0,0,1,0,0,1,0,0,0,0,0,0,0,0,0,0,0,0,1,0,0,0,0,0,0,0,0,0,0,0,0,0,0,0,0,0,1,0,0,1,0,0,0,0,0,0,0,1,0,0,0,0,1,0,0,0,0,0,0,0,0,0,0,0,0,0,0,0,0,0,0,0,0,0,0,0,1,0,0,0,1,0,0,0,0,0,0,0,1,0,0,0,0,0,0,0,0,1,0,0,0,0,0,2,0,0,1,1,0,0,0,0,0,0,0,1,0,0,0,0,0,0,0,0,0,0,0,0,0,0,0,0,0,0,0,0,0,0,0,0,0,0,0,1,0,0,0,0,0,0,0,0,0,1,0,0,1,0,0,0,1,0,0,0,0,0,0,0,0,0,0,0,0,0,0,0,0,0,0,1,0,0,0,1,0,0,0,1,0,0,0,1,0,0,0,0,0,0,0,0,0,1,0,0,0,0,0,0,0,0,0,0,0,0,0,0,1,1,0,0,0,1,0,0,0,0,0,0,0,0,0,0,0,0,0,0,0,1,0,1,0,0,0,0,0,0,0,0,1,0,0,0,0,0,0,1,0,0,0,0,0,0,0,0,0,0,0,0,1,0,0,0,0,0,0,0,0,0,0,0,0,0,1,0,0,0,0,0,1,0,0,0,0,0,0,0,0,0,0,0,0,0,0,0,0,0,0,0,0,0,0,0,0,0,0,0,1,0,1,0,0,0,0,0,0,0,0,0,0,0,1,1,0,0,0,0,0,1,0,0,0,0,0,0,0,0,0,0,0,0,1,0,0,0,1,0,0,0,0,0,0,0,0,0,0,0,0,0,0,0,0,0,0,0,0,0,0,0,0,0,0,0,0,0,0,1,0,0,0,0,0,0,0
0,0,0,0,0,0,0,0,0,0,0,0,0,0,1,0,0,1,0,0,0,0,0,0,1,0,0,1,1,0,0,0,0,0,0,0,0,1,0,1,0,0,0,0,0,0,0,0,0,1,0,0,1,0,0,0,0,0,0,0,0,0,0,0,0,0,0,1,0,0,0,0,0,0,0,0,0,1,0,0,1,0,0,0,0,1,0,0,0,0,0,0,0,0,0,0,0,0,0,0,0,1,0,0,0,0,0,0,0,0,0,0,0,0,0,0,0,0,0,0,0,0,0,0,0,0,0,0,0,0,0,0,0,0,0,0,0,0,0,0,0,0,0,0,0,0,0,0,0,0,0,0,0,0,0,0,0,0,0,0,0,0,0,0,0,1,0,0,0,0,0,3,0,2,0,0,0,0,0,0,0,0,0,0,1,0,1,0,0,0,0,0,0,0,0,0,0,0,0,0,0,0,0,0,0,0,1,0,0,1,1,0,1,1,0,0,0,0,0,0,0,1,0,0,1,0,0,0,0,0,0,0,0,0,1,0,0,0,0,0,0,0,0,0,1,0,0,0,0,0,0,0,1,0,0,0,0,0,0,0,0,0,0,0,0,0,0,0,0,0,0,0,0,1,0,0,0,1,0,0,0,0,1,0,1,1,0,0,0,0,0,0,0,0,0,0,0,0,1,0,0,1,0,0,0,0,0,0,0,0,0,1,0,0,0,0,0,0,0,0,1,0,0,0,0,0,0,0,0,0,0,1,0,0,0,0,0,0,0,0,0,0,0,0,0,0,0,0,0,0,0,1,0,0,0,0,1,0,0,0,0,0,0,0,0,0,0,0,0,0,0,0,0,1,0,0,1,0,0,0,0,0,0,0,0,0,0,0,0,0,0,0,0,0,0,1,0,0,0,0,2,0,0,0,0,0,0,2,0,0,0,2,0,0,0,0,0,0,0,0,0,0,0,1,0,1,0,0,1,0,0,0,0,0,0,1,0,0,0,0,0,0,0,1,0,0,0,0,0,0,0,0,0,0,0,0,0,0,0,0,0,0,0,0,0,0,0,0,1,0,0,0,0,0,0,0,0,1,0,0,1,0,0,0,0,0,0,1,1,0,0,0,0,0,0,0,0,0,0,0
0,0,0,0,0,0,0,0,0,1,2,0,0,0,0,0,0,0,0,1,0,0,0,0,0,0,0,2,1,0,0,0,0,0,1,0,0,0,1,0,0,0,0,3,0,0,0,1,0,0,0,0,0,0,0,0,1,0,0,0,0,2,0,0,0,0,0,0,0,0,1,0,1,0,0,0,0,1,0,0,0,0,0,0,0,0,0,0,0,0,0,1,0,0,0,0,0,0,0,0,1,0,0,1,0,0,0,0,0,0,0,0,0,0,0,0,1,0,0,0,0,0,0,0,0,0,0,0,0,0,0,0,0,0,0,0,0,0,0,0,0,0,0,0,0,0,0,1,0,0,0,0,0,0,1,0,0,0,0,0,0,0,0,0,0,0,0,0,0,0,1,0,0,0,2,0,0,0,0,0,0,1,0,0,0,0,0,1,0,1,0,0,0,0,0,1,0,0,0,0,0,0,0,0,0,0,0,0,0,0,0,0,0,0,0,0,1,0,0,0,0,0,0,0,0,0,0,0,0,0,0,0,0,0,0,0,0,0,0,0,0,0,0,0,0,0,0,0,0,0,0,0,0,0,0,0,0,0,0,1,0,2,0,0,0,0,0,2,0,0,0,0,0,0,0,0,1,1,0,0,0,0,0,0,1,0,0,0,0,1,1,0,0,1,1,0,0,1,1,0,0,0,1,0,1,0,0,1,0,0,1,0,0,0,0,0,0,0,0,0,0,0,0,0,0,0,0,0,1,0,0,0,0,0,0,0,0,0,0,0,0,0,0,0,0,0,0,0,0,0,0,1,0,1,0,0,0,0,1,0,0,1,0,1,0,0,0,0,0,0,0,0,0,0,1,0,0,0,0,0,1,1,1,0,0,0,0,0,0,0,0,0,0,0,0,0,0,0,1,0,0,0,0,0,0,0,1,0,0,0,0,1,0,0,0,0,0,0,0,0,0,2,0,0,0,0,0,0,0,0,0,0,0,0,0,0,0,0,1,0,0,0,0,1,0,1,0,0,0,0,0,1,0,1,0,0,0,0,0,0,0,0,0,0,0,0,0,0,0,0,0,0,0,1,0,0,0,2,0,0,0,0,2,0,1,0,0,0,0,0,0,0,0,0,0,0,0,0,0,0
